MMSI,BaseDateTime,LAT,LON,SOG,COG,Heading,VesselName,VesselType,Length,Draft,Status
210875340,2026-08-26 00:00:00,27.29291,50.74127,15.9,132.5,134.0,MS SAGAR,passenger,78.2,4.5,0
210875340,2026-08-26 00:10:00,27.26293,50.7778,16.3,133.1,134.0,MS SAGAR,passenger,78.2,4.5,0
210875340,2026-08-26 00:20:00,27.23219,50.81527,15.9,132.4,132.0,MS SAGAR,passenger,78.2,4.5,0
210875340,2026-08-26 00:30:00,27.2022,50.85179,15.9,134.4,132.0,MS SAGAR,passenger,78.2,4.5,0
210875340,2026-08-26 00:40:00,27.17217,50.88835,15.9,131.8,135.0,MS SAGAR,passenger,78.2,4.5,0
210875340,2026-08-26 00:50:00,27.14219,50.92486,16.3,134.3,133.0,MS SAGAR,passenger,78.2,4.5,0
210875340,2026-08-26 01:00:00,27.11158,50.96211,16.1,132.6,134.0,MS SAGAR,passenger,78.2,4.5,0
210875340,2026-08-26 01:10:00,27.08135,50.9989,16.0,132.8,133.0,MS SAGAR,passenger,78.2,4.5,0
210875340,2026-08-26 01:20:00,27.05124,51.03552,16.0,132.4,132.0,MS SAGAR,passenger,78.2,4.5,0
210875340,2026-08-26 01:30:00,27.02107,51.07222,16.3,135.4,129.0,MS SAGAR,passenger,78.2,4.5,0
210875340,2026-08-26 01:40:00,26.9903,51.10962,15.6,131.7,132.0,MS SAGAR,passenger,78.2,4.5,0
210875340,2026-08-26 01:50:00,26.96093,51.14532,16.1,133.3,133.0,MS SAGAR,passenger,78.2,4.5,0
210875340,2026-08-26 02:00:00,26.93055,51.18224,16.0,132.0,132.0,MS SAGAR,passenger,78.2,4.5,0
210875340,2026-08-26 02:10:00,26.90034,51.21894,15.9,131.1,129.0,MS SAGAR,passenger,78.2,4.5,0
210875340,2026-08-26 02:20:00,26.87039,51.25532,15.6,133.5,133.0,MS SAGAR,passenger,78.2,4.5,0
210875340,2026-08-26 02:30:00,26.84096,51.29105,16.1,130.9,128.0,MS SAGAR,passenger,78.2,4.5,0
210875340,2026-08-26 02:40:00,26.81071,51.32777,16.1,129.9,136.0,MS SAGAR,passenger,78.2,4.5,0
210875340,2026-08-26 02:50:00,26.78043,51.36451,15.5,133.5,130.0,MS SAGAR,passenger,78.2,4.5,0
210875340,2026-08-26 03:00:00,26.75133,51.39982,16.2,135.9,126.0,MS SAGAR,passenger,78.2,4.5,0
210875340,2026-08-26 03:10:00,26.72087,51.43676,16.1,130.9,134.0,MS SAGAR,passenger,78.2,4.5,0
210875340,2026-08-26 03:20:00,26.69059,51.47349,15.9,132.8,130.0,MS SAGAR,passenger,78.2,4.5,0
210875340,2026-08-26 03:30:00,26.66072,51.50969,16.1,131.3,136.0,MS SAGAR,passenger,78.2,4.5,0
210875340,2026-08-26 03:40:00,26.63039,51.54645,15.8,131.3,137.0,MS SAGAR,passenger,78.2,4.5,0
210875340,2026-08-26 03:50:00,26.60062,51.58251,15.9,134.6,136.0,MS SAGAR,passenger,78.2,4.5,0
210875340,2026-08-26 04:00:00,26.57069,51.61877,15.7,132.6,133.0,MS SAGAR,passenger,78.2,4.5,0
210875340,2026-08-26 04:10:00,26.54111,51.6546,16.3,133.1,133.0,MS SAGAR,passenger,78.2,4.5,0
210875340,2026-08-26 04:20:00,26.51043,51.69174,15.9,132.7,137.0,MS SAGAR,passenger,78.2,4.5,0
210875340,2026-08-26 04:30:00,26.48056,51.72789,15.9,132.3,131.0,MS SAGAR,passenger,78.2,4.5,0
210875340,2026-08-26 04:40:00,26.4506,51.76415,15.8,131.3,130.0,MS SAGAR,passenger,78.2,4.5,0
210875340,2026-08-26 04:50:00,26.4209,51.80008,16.3,132.5,135.0,MS SAGAR,passenger,78.2,4.5,0
210875340,2026-08-26 05:00:00,26.39023,51.83717,15.3,133.3,132.0,MS SAGAR,passenger,78.2,4.5,0
210875340,2026-08-26 05:10:00,26.36144,51.87198,15.8,132.9,131.0,MS SAGAR,passenger,78.2,4.5,0
210875340,2026-08-26 05:20:00,26.3317,51.90793,15.4,133.6,133.0,MS SAGAR,passenger,78.2,4.5,0
210875340,2026-08-26 05:30:00,26.30274,51.94293,15.8,131.7,128.0,MS SAGAR,passenger,78.2,4.5,0
210875340,2026-08-26 05:40:00,26.27293,51.97895,16.0,134.3,133.0,MS SAGAR,passenger,78.2,4.5,0
210875340,2026-08-26 05:50:00,26.24286,52.01526,15.6,132.9,133.0,MS SAGAR,passenger,78.2,4.5,0
210875340,2026-08-26 06:00:00,26.21355,52.05066,16.1,133.3,124.0,MS SAGAR,passenger,78.2,4.5,0
210875340,2026-08-26 06:10:00,26.18318,52.08732,16.0,131.7,128.0,MS SAGAR,passenger,78.2,4.5,0
210875340,2026-08-26 06:20:00,26.15296,52.12379,15.9,133.1,128.0,MS SAGAR,passenger,78.2,4.5,0
210875340,2026-08-26 06:30:00,26.12309,52.15984,16.1,133.5,133.0,MS SAGAR,passenger,78.2,4.5,0
210875340,2026-08-26 06:40:00,26.15338,52.12327,15.7,311.7,316.0,MS SAGAR,passenger,78.2,4.5,0
210875340,2026-08-26 06:50:00,26.18292,52.0876,15.5,313.8,312.0,MS SAGAR,passenger,78.2,4.5,0
210875340,2026-08-26 07:00:00,26.21216,52.05228,15.9,311.0,312.0,MS SAGAR,passenger,78.2,4.5,0
210875340,2026-08-26 07:10:00,26.24207,52.01614,16.1,311.4,314.0,MS SAGAR,passenger,78.2,4.5,0
210875340,2026-08-26 07:20:00,26.27231,51.97959,15.9,312.1,315.0,MS SAGAR,passenger,78.2,4.5,0
210875340,2026-08-26 07:30:00,26.3023,51.94333,15.4,313.1,318.0,MS SAGAR,passenger,78.2,4.5,0
210875340,2026-08-26 07:40:00,26.33122,51.90837,16.3,313.1,312.0,MS SAGAR,passenger,78.2,4.5,0
210875340,2026-08-26 07:50:00,26.36185,51.87132,15.8,312.4,314.0,MS SAGAR,passenger,78.2,4.5,0
210875340,2026-08-26 08:00:00,26.3915,51.83545,15.7,313.5,319.0,MS SAGAR,passenger,78.2,4.5,0
210875340,2026-08-26 08:10:00,26.42107,51.79966,15.9,311.4,309.0,MS SAGAR,passenger,78.2,4.5,0
210875340,2026-08-26 08:20:00,26.451,51.76344,16.1,312.6,315.0,MS SAGAR,passenger,78.2,4.5,0
210875340,2026-08-26 08:30:00,26.48131,51.72674,15.8,313.5,312.0,MS SAGAR,passenger,78.2,4.5,0
210875340,2026-08-26 08:40:00,26.51102,51.69077,15.7,312.3,309.0,MS SAGAR,passenger,78.2,4.5,0
210875340,2026-08-26 08:50:00,26.54062,51.6549,16.4,312.6,315.0,MS SAGAR,passenger,78.2,4.5,0
210875340,2026-08-26 09:00:00,26.57151,51.61748,15.8,311.7,312.0,MS SAGAR,passenger,78.2,4.5,0
210875340,2026-08-26 09:10:00,26.60121,51.58148,16.2,312.2,310.0,MS SAGAR,passenger,78.2,4.5,0
210875340,2026-08-26 09:20:00,26.63168,51.54454,16.0,313.2,318.0,MS SAGAR,passenger,78.2,4.5,0
210875340,2026-08-26 09:30:00,26.66171,51.50813,16.0,313.3,315.0,MS SAGAR,passenger,78.2,4.5,0
210875340,2026-08-26 09:40:00,26.69182,51.4716,15.6,311.7,309.0,MS SAGAR,passenger,78.2,4.5,0
210875340,2026-08-26 09:50:00,26.72123,51.43591,15.6,313.5,314.0,MS SAGAR,passenger,78.2,4.5,0
210875340,2026-08-26 10:00:00,26.75056,51.40032,15.9,310.1,319.0,MS SAGAR,passenger,78.2,4.5,0
210875340,2026-08-26 10:10:00,26.78055,51.36392,15.7,314.8,308.0,MS SAGAR,passenger,78.2,4.5,0
210875340,2026-08-26 10:20:00,26.81008,51.32806,15.7,310.5,314.0,MS SAGAR,passenger,78.2,4.5,0
210875340,2026-08-26 10:30:00,26.83965,51.29215,15.6,311.6,309.0,MS SAGAR,passenger,78.2,4.5,0
210875340,2026-08-26 10:40:00,26.86908,51.25639,16.1,313.4,318.0,MS SAGAR,passenger,78.2,4.5,0
210875340,2026-08-26 10:50:00,26.8994,51.21955,15.7,312.9,309.0,MS SAGAR,passenger,78.2,4.5,0
210875340,2026-08-26 11:00:00,26.92903,51.18353,15.8,312.2,314.0,MS SAGAR,passenger,78.2,4.5,0
210875340,2026-08-26 11:10:00,26.95883,51.14731,16.2,313.7,310.0,MS SAGAR,passenger,78.2,4.5,0
210875340,2026-08-26 11:20:00,26.98926,51.1103,16.2,312.7,312.0,MS SAGAR,passenger,78.2,4.5,0
210875340,2026-08-26 11:30:00,27.01968,51.07329,15.7,312.1,318.0,MS SAGAR,passenger,78.2,4.5,0
210875340,2026-08-26 11:40:00,27.0493,51.03725,16.0,312.9,312.0,MS SAGAR,passenger,78.2,4.5,0
210875340,2026-08-26 11:50:00,27.07939,51.00062,16.5,314.0,311.0,MS SAGAR,passenger,78.2,4.5,0
210875340,2026-08-26 12:00:00,27.1105,50.96275,15.8,312.5,313.0,MS SAGAR,passenger,78.2,4.5,0
210875340,2026-08-26 12:10:00,27.14032,50.92643,15.7,313.1,317.0,MS SAGAR,passenger,78.2,4.5,0
210875340,2026-08-26 12:20:00,27.16994,50.89035,15.6,311.6,311.0,MS SAGAR,passenger,78.2,4.5,0
210875340,2026-08-26 12:30:00,27.19928,50.85461,15.8,314.7,316.0,MS SAGAR,passenger,78.2,4.5,0
210875340,2026-08-26 12:40:00,27.22902,50.81835,16.1,312.4,312.0,MS SAGAR,passenger,78.2,4.5,0
210875340,2026-08-26 12:50:00,27.25942,50.7813,15.5,313.5,314.0,MS SAGAR,passenger,78.2,4.5,0
210875340,2026-08-26 13:00:00,27.28869,50.7456,16.2,312.5,312.0,MS SAGAR,passenger,78.2,4.5,0
210875340,2026-08-26 13:10:00,27.25812,50.78286,16.0,133.6,128.0,MS SAGAR,passenger,78.2,4.5,0
210875340,2026-08-26 13:20:00,27.22808,50.81946,16.1,132.7,130.0,MS SAGAR,passenger,78.2,4.5,0
210875340,2026-08-26 13:30:00,27.19777,50.85637,15.4,132.6,137.0,MS SAGAR,passenger,78.2,4.5,0
210875340,2026-08-26 13:40:00,27.16879,50.89167,16.3,133.1,139.0,MS SAGAR,passenger,78.2,4.5,0
210875340,2026-08-26 13:50:00,27.13804,50.9291,15.9,133.7,131.0,MS SAGAR,passenger,78.2,4.5,0
210875340,2026-08-26 14:00:00,27.1081,50.96554,15.8,132.0,127.0,MS SAGAR,passenger,78.2,4.5,0
210875340,2026-08-26 14:10:00,27.07838,51.0017,16.2,132.1,130.0,MS SAGAR,passenger,78.2,4.5,0
210875340,2026-08-26 14:20:00,27.04781,51.03888,15.6,132.5,138.0,MS SAGAR,passenger,78.2,4.5,0
210875340,2026-08-26 14:30:00,27.01841,51.07464,16.4,131.0,132.0,MS SAGAR,passenger,78.2,4.5,0
210875340,2026-08-26 14:40:00,26.98746,51.11227,15.7,133.7,134.0,MS SAGAR,passenger,78.2,4.5,0
210875340,2026-08-26 14:50:00,26.95799,51.14809,15.8,132.8,131.0,MS SAGAR,passenger,78.2,4.5,0
210875340,2026-08-26 15:00:00,26.92832,51.18414,16.3,133.3,135.0,MS SAGAR,passenger,78.2,4.5,0
210875340,2026-08-26 15:10:00,26.8976,51.22146,15.2,132.6,139.0,MS SAGAR,passenger,78.2,4.5,0
210875340,2026-08-26 15:20:00,26.8689,51.25632,16.2,130.9,132.0,MS SAGAR,passenger,78.2,4.5,0
210875340,2026-08-26 15:30:00,26.83831,51.29346,15.6,134.4,133.0,MS SAGAR,passenger,78.2,4.5,0
210875340,2026-08-26 15:40:00,26.80892,51.32914,15.7,132.7,125.0,MS SAGAR,passenger,78.2,4.5,0
210875340,2026-08-26 15:50:00,26.77932,51.36506,15.6,132.7,135.0,MS SAGAR,passenger,78.2,4.5,0
210875340,2026-08-26 16:00:00,26.74987,51.40079,15.4,132.3,136.0,MS SAGAR,passenger,78.2,4.5,0
210875340,2026-08-26 16:10:00,26.72082,51.43602,15.5,132.9,133.0,MS SAGAR,passenger,78.2,4.5,0
210875340,2026-08-26 16:20:00,26.69154,51.47152,16.3,132.5,132.0,MS SAGAR,passenger,78.2,4.5,0
210875340,2026-08-26 16:30:00,26.66077,51.50882,16.1,131.4,132.0,MS SAGAR,passenger,78.2,4.5,0
210875340,2026-08-26 16:40:00,26.63041,51.54562,15.8,132.6,135.0,MS SAGAR,passenger,78.2,4.5,0
210875340,2026-08-26 16:50:00,26.60066,51.58166,16.1,132.0,133.0,MS SAGAR,passenger,78.2,4.5,0
210875340,2026-08-26 17:00:00,26.57044,51.61827,16.3,131.9,133.0,MS SAGAR,passenger,78.2,4.5,0
210875340,2026-08-26 17:10:00,26.53978,51.6554,15.9,132.6,128.0,MS SAGAR,passenger,78.2,4.5,0
210875340,2026-08-26 17:20:00,26.5099,51.69157,16.3,131.9,136.0,MS SAGAR,passenger,78.2,4.5,0
210875340,2026-08-26 17:30:00,26.47928,51.72864,15.8,132.1,136.0,MS SAGAR,passenger,78.2,4.5,0
210875340,2026-08-26 17:40:00,26.44961,51.76454,16.2,132.9,135.0,MS SAGAR,passenger,78.2,4.5,0
210875340,2026-08-26 17:50:00,26.41918,51.80135,15.8,132.7,131.0,MS SAGAR,passenger,78.2,4.5,0
210875340,2026-08-26 18:00:00,26.38936,51.83742,16.1,132.0,137.0,MS SAGAR,passenger,78.2,4.5,0
210875340,2026-08-26 18:10:00,26.35897,51.87416,15.8,132.7,135.0,MS SAGAR,passenger,78.2,4.5,0
210875340,2026-08-26 18:20:00,26.32916,51.91019,15.9,132.4,133.0,MS SAGAR,passenger,78.2,4.5,0
210875340,2026-08-26 18:30:00,26.29918,51.94642,16.1,132.0,132.0,MS SAGAR,passenger,78.2,4.5,0
210875340,2026-08-26 18:40:00,26.2688,51.98312,15.9,133.6,132.0,MS SAGAR,passenger,78.2,4.5,0
210875340,2026-08-26 18:50:00,26.23884,52.01932,16.4,132.5,132.0,MS SAGAR,passenger,78.2,4.5,0
210875340,2026-08-26 19:00:00,26.20802,52.05652,15.9,131.4,130.0,MS SAGAR,passenger,78.2,4.5,0
210875340,2026-08-26 19:10:00,26.17814,52.09259,15.8,133.8,133.0,MS SAGAR,passenger,78.2,4.5,0
210875340,2026-08-26 19:20:00,26.14843,52.12845,15.8,133.9,137.0,MS SAGAR,passenger,78.2,4.5,0
210875340,2026-08-26 19:30:00,26.1187,52.16433,16.2,131.9,131.0,MS SAGAR,passenger,78.2,4.5,0
210875340,2026-08-26 19:40:00,26.14924,52.12746,16.4,312.9,312.0,MS SAGAR,passenger,78.2,4.5,0
210875340,2026-08-26 19:50:00,26.18005,52.09025,16.1,313.7,311.0,MS SAGAR,passenger,78.2,4.5,0
210875340,2026-08-26 20:00:00,26.21034,52.05367,16.0,313.6,309.0,MS SAGAR,passenger,78.2,4.5,0
210875340,2026-08-26 20:10:00,26.24039,52.01735,15.9,311.6,310.0,MS SAGAR,passenger,78.2,4.5,0
210875340,2026-08-26 20:50:00,26.36001,51.87273,15.7,312.8,309.0,MS SAGAR,passenger,78.2,4.5,0
210875340,2026-08-26 21:00:00,26.38966,51.83686,16.0,313.8,312.0,MS SAGAR,passenger,78.2,4.5,0
210875340,2026-08-26 21:10:00,26.41982,51.80037,15.9,313.1,307.0,MS SAGAR,passenger,78.2,4.5,0
210875340,2026-08-26 21:20:00,26.44967,51.76424,16.0,315.8,312.0,MS SAGAR,passenger,78.2,4.5,0
210875340,2026-08-26 21:30:00,26.47988,51.72767,15.9,313.4,318.0,MS SAGAR,passenger,78.2,4.5,0
210875340,2026-08-26 21:40:00,26.50977,51.69146,16.2,310.5,314.0,MS SAGAR,passenger,78.2,4.5,0
210875340,2026-08-26 21:50:00,26.54018,51.65462,16.6,313.3,309.0,MS SAGAR,passenger,78.2,4.5,0
210875340,2026-08-26 22:00:00,26.57135,51.61686,16.0,311.4,316.0,MS SAGAR,passenger,78.2,4.5,0
210875340,2026-08-26 22:10:00,26.60143,51.5804,15.7,312.8,310.0,MS SAGAR,passenger,78.2,4.5,0
210875340,2026-08-26 22:20:00,26.63093,51.54463,15.8,314.2,313.0,MS SAGAR,passenger,78.2,4.5,0
210875340,2026-08-26 22:30:00,26.66063,51.50862,15.8,311.6,307.0,MS SAGAR,passenger,78.2,4.5,0
210875340,2026-08-26 22:40:00,26.69032,51.47261,15.6,312.8,316.0,MS SAGAR,passenger,78.2,4.5,0
210875340,2026-08-26 22:50:00,26.71968,51.43699,15.8,314.3,311.0,MS SAGAR,passenger,78.2,4.5,0
210875340,2026-08-26 23:00:00,26.74937,51.40096,15.9,311.6,316.0,MS SAGAR,passenger,78.2,4.5,0
210875340,2026-08-26 23:10:00,26.77921,51.36473,16.4,310.9,312.0,MS SAGAR,passenger,78.2,4.5,0
210875340,2026-08-26 23:20:00,26.81015,51.32717,16.2,311.3,314.0,MS SAGAR,passenger,78.2,4.5,0
210875340,2026-08-26 23:30:00,26.8407,51.29006,16.2,312.8,314.0,MS SAGAR,passenger,78.2,4.5,0
210875340,2026-08-26 23:40:00,26.87122,51.25298,16.4,314.7,313.0,MS SAGAR,passenger,78.2,4.5,0
210875340,2026-08-26 23:50:00,26.902,51.21557,15.8,311.8,316.0,MS SAGAR,passenger,78.2,4.5,0
210875340,2026-08-27 00:00:00,26.9317,51.17947,15.6,312.5,313.0,MS SAGAR,passenger,78.2,4.5,0
251765553,2026-08-26 08:00:00,26.69595,52.14359,11.0,249.1,247.0,MT KAVERI,tanker,177.1,13.2,0
251765553,2026-08-26 08:10:00,26.68618,52.11121,11.0,251.2,250.0,MT KAVERI,tanker,177.1,13.2,0
251765553,2026-08-26 08:20:00,26.6764,52.07884,11.0,251.0,248.0,MT KAVERI,tanker,177.1,13.2,0
251765553,2026-08-26 08:30:00,26.66661,52.04647,11.0,251.9,253.0,MT KAVERI,tanker,177.1,13.2,0
251765553,2026-08-26 08:40:00,26.65681,52.01411,11.0,251.1,254.0,MT KAVERI,tanker,177.1,13.2,0
251765553,2026-08-26 08:50:00,26.64701,51.98175,11.0,251.5,248.0,MT KAVERI,tanker,177.1,13.2,0
251765553,2026-08-26 09:00:00,26.6372,51.9494,11.0,251.4,248.0,MT KAVERI,tanker,177.1,13.2,0
251765553,2026-08-26 09:10:00,26.62738,51.91705,11.0,251.9,251.0,MT KAVERI,tanker,177.1,13.2,0
251765553,2026-08-26 09:20:00,26.61756,51.88471,11.0,250.9,249.0,MT KAVERI,tanker,177.1,13.2,0
251765553,2026-08-26 09:30:00,26.60773,51.85238,11.0,252.3,251.0,MT KAVERI,tanker,177.1,13.2,0
251765553,2026-08-26 09:40:00,26.59789,51.82005,11.0,250.6,250.0,MT KAVERI,tanker,177.1,13.2,0
251765553,2026-08-26 09:50:00,26.58804,51.78773,11.0,251.6,252.0,MT KAVERI,tanker,177.1,13.2,0
251765553,2026-08-26 10:00:00,26.57819,51.75541,11.0,251.5,252.0,MT KAVERI,tanker,177.1,13.2,0
251765553,2026-08-26 10:10:00,26.56833,51.7231,11.0,253.2,250.0,MT KAVERI,tanker,177.1,13.2,0
251765553,2026-08-26 10:20:00,26.55846,51.69079,11.0,250.5,249.0,MT KAVERI,tanker,177.1,13.2,0
251765553,2026-08-26 10:30:00,26.54858,51.65849,11.0,251.7,254.0,MT KAVERI,tanker,177.1,13.2,0
251765553,2026-08-26 10:40:00,26.5387,51.62619,11.0,250.9,249.0,MT KAVERI,tanker,177.1,13.2,0
251765553,2026-08-26 10:50:00,26.52881,51.5939,11.0,250.2,253.0,MT KAVERI,tanker,177.1,13.2,0
251765553,2026-08-26 11:00:00,26.51891,51.56162,3.5,251.8,253.0,MT KAVERI,tanker,177.1,13.2,0
251765553,2026-08-26 11:10:00,26.51576,51.55135,3.5,250.4,252.0,MT KAVERI,tanker,177.1,13.2,0
251765553,2026-08-26 11:20:00,26.51261,51.54108,3.5,251.2,252.0,MT KAVERI,tanker,177.1,13.2,0
251765553,2026-08-26 11:30:00,26.50946,51.53081,3.5,251.9,252.0,MT KAVERI,tanker,177.1,13.2,0
251765553,2026-08-26 13:00:00,26.48107,51.4384,3.5,251.7,251.0,MT KAVERI,tanker,177.1,13.2,0
251765553,2026-08-26 13:10:00,26.47791,51.42813,3.5,251.3,253.0,MT KAVERI,tanker,177.1,13.2,0
251765553,2026-08-26 13:20:00,26.47476,51.41787,3.5,249.6,250.0,MT KAVERI,tanker,177.1,13.2,0
251765553,2026-08-26 13:30:00,26.4716,51.4076,14.0,305.6,304.0,MT KAVERI,tanker,177.1,13.2,0
251765553,2026-08-26 13:40:00,26.49447,51.37249,14.0,305.8,311.0,MT KAVERI,tanker,177.1,13.2,0
251765553,2026-08-26 13:50:00,26.51734,51.33738,14.0,305.2,309.0,MT KAVERI,tanker,177.1,13.2,0
251765553,2026-08-26 14:00:00,26.54021,51.30226,14.0,304.4,305.0,MT KAVERI,tanker,177.1,13.2,0
251765553,2026-08-26 14:10:00,26.56307,51.26713,14.0,306.2,308.0,MT KAVERI,tanker,177.1,13.2,0
251765553,2026-08-26 14:20:00,26.58594,51.232,14.0,306.8,308.0,MT KAVERI,tanker,177.1,13.2,0
251765553,2026-08-26 14:30:00,26.60881,51.19686,14.0,305.7,305.0,MT KAVERI,tanker,177.1,13.2,0
251765553,2026-08-26 14:40:00,26.63168,51.16171,14.0,306.9,305.0,MT KAVERI,tanker,177.1,13.2,0
251765553,2026-08-26 14:50:00,26.65454,51.12655,14.0,304.8,303.0,MT KAVERI,tanker,177.1,13.2,0
251765553,2026-08-26 15:00:00,26.67741,51.09139,14.0,305.1,308.0,MT KAVERI,tanker,177.1,13.2,0
251765553,2026-08-26 15:10:00,26.70028,51.05622,14.0,306.2,308.0,MT KAVERI,tanker,177.1,13.2,0
251765553,2026-08-26 15:20:00,26.72315,51.02104,14.0,305.6,307.0,MT KAVERI,tanker,177.1,13.2,0
251765553,2026-08-26 15:30:00,26.74601,50.98586,14.0,306.7,305.0,MT KAVERI,tanker,177.1,13.2,0
251765553,2026-08-26 15:40:00,26.76888,50.95067,14.0,306.5,304.0,MT KAVERI,tanker,177.1,13.2,0
251765553,2026-08-26 15:50:00,26.79175,50.91547,14.0,305.7,305.0,MT KAVERI,tanker,177.1,13.2,0
251765553,2026-08-26 16:00:00,26.81461,50.88026,14.0,304.9,308.0,MT KAVERI,tanker,177.1,13.2,0
254653321,2026-08-26 00:00:00,26.47149,52.45279,0.0,258.4,258.0,MV ORION,cargo,184.2,9.1,1
254653321,2026-08-26 00:10:00,26.47149,52.45279,0.0,258.1,255.0,MV ORION,cargo,184.2,9.1,1
254653321,2026-08-26 00:20:00,26.47149,52.45279,0.0,258.3,260.0,MV ORION,cargo,184.2,9.1,1
254653321,2026-08-26 00:30:00,26.47149,52.45279,0.2,258.7,252.0,MV ORION,cargo,184.2,9.1,1
254653321,2026-08-26 00:40:00,26.47135,52.45209,0.0,260.1,255.0,MV ORION,cargo,184.2,9.1,1
254653321,2026-08-26 00:50:00,26.47135,52.45209,0.3,257.4,258.0,MV ORION,cargo,184.2,9.1,1
254653321,2026-08-26 01:00:00,26.47121,52.45132,0.0,258.7,259.0,MV ORION,cargo,184.2,9.1,1
254653321,2026-08-26 01:10:00,26.47121,52.45132,0.0,257.1,259.0,MV ORION,cargo,184.2,9.1,1
254653321,2026-08-26 01:20:00,26.47121,52.45132,0.0,258.6,266.0,MV ORION,cargo,184.2,9.1,1
254653321,2026-08-26 01:30:00,26.47121,52.45132,0.4,258.8,258.0,MV ORION,cargo,184.2,9.1,1
254653321,2026-08-26 01:40:00,26.47096,52.44999,0.0,256.8,262.0,MV ORION,cargo,184.2,9.1,1
254653321,2026-08-26 01:50:00,26.47096,52.44999,0.0,257.4,258.0,MV ORION,cargo,184.2,9.1,1
254653321,2026-08-26 02:00:00,26.47096,52.44999,0.0,256.9,258.0,MV ORION,cargo,184.2,9.1,1
254653321,2026-08-26 02:10:00,26.47096,52.44999,0.0,257.4,256.0,MV ORION,cargo,184.2,9.1,1
254653321,2026-08-26 02:20:00,26.47096,52.44999,0.2,257.9,258.0,MV ORION,cargo,184.2,9.1,1
254653321,2026-08-26 02:30:00,26.47083,52.44929,0.2,258.0,257.0,MV ORION,cargo,184.2,9.1,1
254653321,2026-08-26 02:40:00,26.47069,52.44854,0.2,258.8,258.0,MV ORION,cargo,184.2,9.1,1
254653321,2026-08-26 02:50:00,26.47056,52.44788,0.1,257.3,256.0,MV ORION,cargo,184.2,9.1,1
254653321,2026-08-26 03:00:00,26.47049,52.44751,0.3,258.6,259.0,MV ORION,cargo,184.2,9.1,1
254653321,2026-08-26 03:10:00,26.47033,52.44662,0.2,258.2,260.0,MV ORION,cargo,184.2,9.1,1
254653321,2026-08-26 03:20:00,26.47023,52.44611,0.3,259.0,258.0,MV ORION,cargo,184.2,9.1,1
254653321,2026-08-26 03:30:00,26.47004,52.44509,0.4,258.4,260.0,MV ORION,cargo,184.2,9.1,1
254653321,2026-08-26 03:40:00,26.46978,52.44374,0.2,258.4,256.0,MV ORION,cargo,184.2,9.1,1
254653321,2026-08-26 03:50:00,26.46969,52.44322,0.3,261.0,257.0,MV ORION,cargo,184.2,9.1,1
254653321,2026-08-26 04:00:00,26.46953,52.44239,0.1,257.7,257.0,MV ORION,cargo,184.2,9.1,1
254653321,2026-08-26 04:10:00,26.46946,52.44203,0.5,257.5,257.0,MV ORION,cargo,184.2,9.1,1
254653321,2026-08-26 04:20:00,26.46918,52.44055,0.0,257.4,253.0,MV ORION,cargo,184.2,9.1,1
254653321,2026-08-26 04:30:00,26.46918,52.44055,0.3,260.9,257.0,MV ORION,cargo,184.2,9.1,1
254653321,2026-08-26 04:40:00,26.46904,52.43977,0.0,259.0,256.0,MV ORION,cargo,184.2,9.1,1
254653321,2026-08-26 04:50:00,26.46904,52.43977,0.4,257.8,256.0,MV ORION,cargo,184.2,9.1,1
254653321,2026-08-26 05:00:00,26.46879,52.43848,0.1,258.9,257.0,MV ORION,cargo,184.2,9.1,1
254653321,2026-08-26 05:10:00,26.46876,52.43831,0.0,257.9,254.0,MV ORION,cargo,184.2,9.1,1
254653321,2026-08-26 05:20:00,26.46876,52.43831,0.2,256.3,257.0,MV ORION,cargo,184.2,9.1,1
254653321,2026-08-26 05:30:00,26.46865,52.43771,0.3,258.4,260.0,MV ORION,cargo,184.2,9.1,1
254653321,2026-08-26 05:40:00,26.46848,52.43683,0.1,259.3,261.0,MV ORION,cargo,184.2,9.1,1
254653321,2026-08-26 05:50:00,26.46843,52.43657,0.2,259.1,260.0,MV ORION,cargo,184.2,9.1,1
254653321,2026-08-26 06:00:00,26.46831,52.43593,0.0,256.8,259.0,MV ORION,cargo,184.2,9.1,1
254653321,2026-08-26 06:10:00,26.46831,52.43593,0.2,259.2,255.0,MV ORION,cargo,184.2,9.1,1
254653321,2026-08-26 06:20:00,26.46818,52.43521,0.0,258.6,258.0,MV ORION,cargo,184.2,9.1,1
254653321,2026-08-26 06:30:00,26.46818,52.43521,0.0,258.5,253.0,MV ORION,cargo,184.2,9.1,1
254653321,2026-08-26 06:40:00,26.46818,52.43521,0.0,259.5,264.0,MV ORION,cargo,184.2,9.1,1
254653321,2026-08-26 06:50:00,26.46818,52.43521,0.0,257.8,258.0,MV ORION,cargo,184.2,9.1,1
254653321,2026-08-26 07:00:00,26.46818,52.43521,0.5,257.6,257.0,MV ORION,cargo,184.2,9.1,1
254653321,2026-08-26 07:10:00,26.46787,52.43356,0.5,257.8,260.0,MV ORION,cargo,184.2,9.1,1
254653321,2026-08-26 07:20:00,26.46759,52.43208,0.0,258.0,253.0,MV ORION,cargo,184.2,9.1,1
254653321,2026-08-26 07:30:00,26.46759,52.43208,0.0,259.0,258.0,MV ORION,cargo,184.2,9.1,1
254653321,2026-08-26 07:40:00,26.46759,52.43208,0.0,257.4,257.0,MV ORION,cargo,184.2,9.1,1
254653321,2026-08-26 07:50:00,26.46758,52.43202,0.2,259.1,250.0,MV ORION,cargo,184.2,9.1,1
254653321,2026-08-26 08:00:00,26.46748,52.43149,0.0,258.3,258.0,MV ORION,cargo,184.2,9.1,1
254653321,2026-08-26 08:10:00,26.46748,52.43149,0.2,258.4,257.0,MV ORION,cargo,184.2,9.1,1
254653321,2026-08-26 08:20:00,26.46736,52.43088,0.0,257.9,262.0,MV ORION,cargo,184.2,9.1,1
254653321,2026-08-26 08:30:00,26.46736,52.43088,0.0,258.1,259.0,MV ORION,cargo,184.2,9.1,1
254653321,2026-08-26 08:40:00,26.46736,52.43088,0.5,257.8,261.0,MV ORION,cargo,184.2,9.1,1
254653321,2026-08-26 08:50:00,26.46708,52.42939,0.4,258.1,257.0,MV ORION,cargo,184.2,9.1,1
254653321,2026-08-26 09:00:00,26.46685,52.42815,0.0,257.9,261.0,MV ORION,cargo,184.2,9.1,1
254653321,2026-08-26 09:10:00,26.46684,52.4281,0.2,258.4,255.0,MV ORION,cargo,184.2,9.1,1
254653321,2026-08-26 09:20:00,26.46675,52.42762,0.0,260.3,258.0,MV ORION,cargo,184.2,9.1,1
254653321,2026-08-26 09:30:00,26.46675,52.42762,0.0,259.6,259.0,MV ORION,cargo,184.2,9.1,1
254653321,2026-08-26 09:40:00,26.46675,52.42762,0.2,258.0,257.0,MV ORION,cargo,184.2,9.1,1
254653321,2026-08-26 09:50:00,26.46661,52.42688,0.1,256.7,258.0,MV ORION,cargo,184.2,9.1,1
254653321,2026-08-26 10:00:00,26.46658,52.4267,0.2,260.0,258.0,MV ORION,cargo,184.2,9.1,1
254653321,2026-08-26 10:10:00,26.46648,52.42618,0.0,258.0,266.0,MV ORION,cargo,184.2,9.1,1
254653321,2026-08-26 10:20:00,26.46648,52.42618,0.3,257.3,260.0,MV ORION,cargo,184.2,9.1,1
254653321,2026-08-26 10:30:00,26.4663,52.42522,0.0,256.8,257.0,MV ORION,cargo,184.2,9.1,1
254653321,2026-08-26 10:40:00,26.4663,52.42522,0.1,256.3,255.0,MV ORION,cargo,184.2,9.1,1
254653321,2026-08-26 10:50:00,26.46623,52.42484,0.1,257.7,259.0,MV ORION,cargo,184.2,9.1,1
254653321,2026-08-26 11:00:00,26.46617,52.42453,0.0,258.8,255.0,MV ORION,cargo,184.2,9.1,1
254653321,2026-08-26 11:10:00,26.46617,52.42453,0.5,256.4,255.0,MV ORION,cargo,184.2,9.1,1
254653321,2026-08-26 11:20:00,26.46588,52.42298,0.2,259.8,259.0,MV ORION,cargo,184.2,9.1,1
254653321,2026-08-26 11:30:00,26.46576,52.42236,0.2,258.1,255.0,MV ORION,cargo,184.2,9.1,1
254653321,2026-08-26 11:40:00,26.46562,52.42163,0.0,256.9,254.0,MV ORION,cargo,184.2,9.1,1
254653321,2026-08-26 11:50:00,26.46562,52.42163,0.2,257.0,259.0,MV ORION,cargo,184.2,9.1,1
254653321,2026-08-26 12:00:00,26.46551,52.42102,0.0,258.4,257.0,MV ORION,cargo,184.2,9.1,1
254653321,2026-08-26 12:10:00,26.46551,52.42102,0.5,258.5,262.0,MV ORION,cargo,184.2,9.1,1
254653321,2026-08-26 12:20:00,26.46525,52.41965,0.0,258.2,255.0,MV ORION,cargo,184.2,9.1,1
254653321,2026-08-26 12:30:00,26.46525,52.41965,0.0,257.9,256.0,MV ORION,cargo,184.2,9.1,1
254653321,2026-08-26 12:40:00,26.46525,52.41965,0.0,256.7,251.0,MV ORION,cargo,184.2,9.1,1
254653321,2026-08-26 12:50:00,26.46525,52.41965,0.0,258.8,253.0,MV ORION,cargo,184.2,9.1,1
254653321,2026-08-26 13:00:00,26.46525,52.41965,0.0,259.9,256.0,MV ORION,cargo,184.2,9.1,1
254653321,2026-08-26 13:10:00,26.46525,52.41965,0.2,258.8,260.0,MV ORION,cargo,184.2,9.1,1
254653321,2026-08-26 13:20:00,26.46515,52.4191,0.0,257.9,253.0,MV ORION,cargo,184.2,9.1,1
254653321,2026-08-26 13:30:00,26.46515,52.4191,0.7,256.5,255.0,MV ORION,cargo,184.2,9.1,1
254653321,2026-08-26 13:40:00,26.46474,52.41695,0.0,256.6,262.0,MV ORION,cargo,184.2,9.1,1
254653321,2026-08-26 13:50:00,26.46474,52.41695,0.7,257.7,254.0,MV ORION,cargo,184.2,9.1,1
254653321,2026-08-26 14:00:00,26.46434,52.4148,0.0,257.9,257.0,MV ORION,cargo,184.2,9.1,1
254653321,2026-08-26 14:10:00,26.46434,52.4148,0.0,258.3,259.0,MV ORION,cargo,184.2,9.1,1
254653321,2026-08-26 14:20:00,26.46434,52.4148,0.2,257.8,255.0,MV ORION,cargo,184.2,9.1,1
254653321,2026-08-26 14:30:00,26.46423,52.41426,0.3,258.1,261.0,MV ORION,cargo,184.2,9.1,1
254653321,2026-08-26 14:40:00,26.46408,52.41345,0.3,256.7,254.0,MV ORION,cargo,184.2,9.1,1
254653321,2026-08-26 14:50:00,26.46391,52.41254,0.0,257.1,260.0,MV ORION,cargo,184.2,9.1,1
254653321,2026-08-26 15:00:00,26.46391,52.41254,0.2,259.2,259.0,MV ORION,cargo,184.2,9.1,1
254653321,2026-08-26 15:10:00,26.4638,52.41197,0.2,259.3,260.0,MV ORION,cargo,184.2,9.1,1
254653321,2026-08-26 15:20:00,26.46372,52.41151,0.1,259.6,258.0,MV ORION,cargo,184.2,9.1,1
254653321,2026-08-26 15:30:00,26.46365,52.41116,0.0,257.3,260.0,MV ORION,cargo,184.2,9.1,1
254653321,2026-08-26 15:40:00,26.46364,52.41109,0.4,258.1,262.0,MV ORION,cargo,184.2,9.1,1
254653321,2026-08-26 15:50:00,26.4634,52.40984,0.0,258.1,258.0,MV ORION,cargo,184.2,9.1,1
254653321,2026-08-26 16:00:00,26.4634,52.40984,0.0,260.5,258.0,MV ORION,cargo,184.2,9.1,1
254653321,2026-08-26 16:10:00,26.4634,52.40984,0.0,258.2,252.0,MV ORION,cargo,184.2,9.1,1
254653321,2026-08-26 16:20:00,26.4634,52.40984,0.0,259.1,256.0,MV ORION,cargo,184.2,9.1,1
254653321,2026-08-26 16:30:00,26.4634,52.40984,0.0,259.4,262.0,MV ORION,cargo,184.2,9.1,1
254653321,2026-08-26 16:40:00,26.4634,52.40984,0.2,257.7,257.0,MV ORION,cargo,184.2,9.1,1
254653321,2026-08-26 16:50:00,26.46327,52.40915,0.0,257.1,255.0,MV ORION,cargo,184.2,9.1,1
254653321,2026-08-26 17:00:00,26.46327,52.40915,0.0,257.1,253.0,MV ORION,cargo,184.2,9.1,1
254653321,2026-08-26 17:10:00,26.46327,52.40915,0.2,258.4,263.0,MV ORION,cargo,184.2,9.1,1
254653321,2026-08-26 17:20:00,26.46318,52.40868,0.0,258.4,259.0,MV ORION,cargo,184.2,9.1,1
254653321,2026-08-26 17:30:00,26.46318,52.40868,0.0,258.9,260.0,MV ORION,cargo,184.2,9.1,1
254653321,2026-08-26 17:40:00,26.46316,52.40857,0.2,257.9,257.0,MV ORION,cargo,184.2,9.1,1
254653321,2026-08-26 17:50:00,26.46306,52.40802,0.0,257.3,256.0,MV ORION,cargo,184.2,9.1,1
254653321,2026-08-26 18:00:00,26.46306,52.40802,0.0,258.6,262.0,MV ORION,cargo,184.2,9.1,1
254653321,2026-08-26 18:10:00,26.46306,52.40802,0.0,258.4,255.0,MV ORION,cargo,184.2,9.1,1
254653321,2026-08-26 18:20:00,26.46306,52.40802,0.0,257.4,260.0,MV ORION,cargo,184.2,9.1,1
254653321,2026-08-26 18:30:00,26.46305,52.40794,0.0,259.1,257.0,MV ORION,cargo,184.2,9.1,1
254653321,2026-08-26 18:40:00,26.46305,52.40794,0.0,256.9,259.0,MV ORION,cargo,184.2,9.1,1
254653321,2026-08-26 18:50:00,26.46305,52.40794,0.3,258.4,265.0,MV ORION,cargo,184.2,9.1,1
254653321,2026-08-26 19:00:00,26.46286,52.40696,0.5,257.8,257.0,MV ORION,cargo,184.2,9.1,1
254653321,2026-08-26 19:10:00,26.4626,52.40557,0.2,257.3,262.0,MV ORION,cargo,184.2,9.1,1
254653321,2026-08-26 19:20:00,26.46248,52.40491,0.2,258.4,260.0,MV ORION,cargo,184.2,9.1,1
254653321,2026-08-26 19:30:00,26.46237,52.40433,0.5,258.3,258.0,MV ORION,cargo,184.2,9.1,1
254653321,2026-08-26 19:40:00,26.46206,52.40272,0.5,259.1,257.0,MV ORION,cargo,184.2,9.1,1
254653321,2026-08-26 19:50:00,26.46179,52.40128,0.1,258.3,259.0,MV ORION,cargo,184.2,9.1,1
254653321,2026-08-26 20:00:00,26.46173,52.40097,0.0,256.6,255.0,MV ORION,cargo,184.2,9.1,1
254653321,2026-08-26 20:10:00,26.46173,52.40097,0.0,257.5,260.0,MV ORION,cargo,184.2,9.1,1
254653321,2026-08-26 20:20:00,26.46173,52.40097,0.1,258.3,254.0,MV ORION,cargo,184.2,9.1,1
254653321,2026-08-26 20:30:00,26.4617,52.40079,0.0,258.7,260.0,MV ORION,cargo,184.2,9.1,1
254653321,2026-08-26 20:40:00,26.4617,52.40079,0.0,258.3,265.0,MV ORION,cargo,184.2,9.1,1
254653321,2026-08-26 20:50:00,26.4617,52.40079,0.1,257.4,258.0,MV ORION,cargo,184.2,9.1,1
254653321,2026-08-26 21:00:00,26.46165,52.4005,0.1,258.0,258.0,MV ORION,cargo,184.2,9.1,1
254653321,2026-08-26 21:10:00,26.46158,52.40013,0.0,257.2,258.0,MV ORION,cargo,184.2,9.1,1
254653321,2026-08-26 21:20:00,26.46158,52.40013,0.1,257.6,258.0,MV ORION,cargo,184.2,9.1,1
254653321,2026-08-26 21:30:00,26.46154,52.39995,0.1,259.0,258.0,MV ORION,cargo,184.2,9.1,1
254653321,2026-08-26 21:40:00,26.46148,52.3996,0.2,257.6,260.0,MV ORION,cargo,184.2,9.1,1
254653321,2026-08-26 21:50:00,26.46136,52.399,0.2,259.0,260.0,MV ORION,cargo,184.2,9.1,1
254653321,2026-08-26 22:00:00,26.46125,52.39841,0.2,258.0,259.0,MV ORION,cargo,184.2,9.1,1
254653321,2026-08-26 22:10:00,26.46111,52.39766,0.4,257.5,256.0,MV ORION,cargo,184.2,9.1,1
254653321,2026-08-26 22:20:00,26.4609,52.39655,0.1,258.5,256.0,MV ORION,cargo,184.2,9.1,1
254653321,2026-08-26 22:30:00,26.46082,52.39611,0.1,258.0,251.0,MV ORION,cargo,184.2,9.1,1
254653321,2026-08-26 22:40:00,26.46077,52.39586,0.0,258.0,258.0,MV ORION,cargo,184.2,9.1,1
254653321,2026-08-26 22:50:00,26.46075,52.39572,0.5,256.9,256.0,MV ORION,cargo,184.2,9.1,1
254653321,2026-08-26 23:00:00,26.46049,52.39435,0.0,257.6,257.0,MV ORION,cargo,184.2,9.1,1
254653321,2026-08-26 23:10:00,26.46049,52.39435,0.0,259.2,261.0,MV ORION,cargo,184.2,9.1,1
254653321,2026-08-26 23:20:00,26.46049,52.39435,0.1,257.8,261.0,MV ORION,cargo,184.2,9.1,1
254653321,2026-08-26 23:30:00,26.46042,52.39398,0.1,257.3,253.0,MV ORION,cargo,184.2,9.1,1
254653321,2026-08-26 23:40:00,26.46036,52.39369,0.0,258.9,265.0,MV ORION,cargo,184.2,9.1,1
254653321,2026-08-26 23:50:00,26.46036,52.39369,0.1,257.4,255.0,MV ORION,cargo,184.2,9.1,1
254653321,2026-08-27 00:00:00,26.4603,52.39334,0.2,256.4,260.0,MV ORION,cargo,184.2,9.1,1
290291614,2026-08-26 00:00:00,26.76516,51.5633,5.7,276.2,271.0,FV KAVERI,fishing,38.4,2.4,0
290291614,2026-08-26 00:10:00,26.76682,51.54563,5.2,276.4,274.0,FV KAVERI,fishing,38.4,2.4,0
290291614,2026-08-26 00:20:00,26.76833,51.52956,5.7,276.8,272.0,FV KAVERI,fishing,38.4,2.4,0
290291614,2026-08-26 00:30:00,26.76998,51.51199,5.3,277.7,277.0,FV KAVERI,fishing,38.4,2.4,0
290291614,2026-08-26 00:40:00,26.77151,51.49573,5.5,275.1,274.0,FV KAVERI,fishing,38.4,2.4,0
290291614,2026-08-26 00:50:00,26.77311,51.47871,5.3,276.9,274.0,FV KAVERI,fishing,38.4,2.4,0
290291614,2026-08-26 01:00:00,26.77465,51.46229,5.9,275.6,273.0,FV KAVERI,fishing,38.4,2.4,0
290291614,2026-08-26 01:10:00,26.77636,51.4441,5.5,273.4,276.0,FV KAVERI,fishing,38.4,2.4,0
290291614,2026-08-26 01:20:00,26.77796,51.42709,5.6,276.8,270.0,FV KAVERI,fishing,38.4,2.4,0
290291614,2026-08-26 01:30:00,26.77958,51.40988,5.9,276.8,280.0,FV KAVERI,fishing,38.4,2.4,0
290291614,2026-08-26 01:40:00,26.78129,51.39163,5.6,277.0,272.0,FV KAVERI,fishing,38.4,2.4,0
290291614,2026-08-26 01:50:00,26.78292,51.37433,5.8,275.2,271.0,FV KAVERI,fishing,38.4,2.4,0
290291614,2026-08-26 02:00:00,26.7846,51.35643,5.3,276.0,274.0,FV KAVERI,fishing,38.4,2.4,0
290291614,2026-08-26 02:10:00,26.78615,51.33996,5.7,274.2,270.0,FV KAVERI,fishing,38.4,2.4,0
290291614,2026-08-26 02:20:00,26.7878,51.32232,6.0,276.9,273.0,FV KAVERI,fishing,38.4,2.4,0
290291614,2026-08-26 02:30:00,26.78953,51.30391,5.6,277.0,277.0,FV KAVERI,fishing,38.4,2.4,0
290291614,2026-08-26 02:40:00,26.79116,51.28657,5.6,277.1,274.0,FV KAVERI,fishing,38.4,2.4,0
290291614,2026-08-26 02:50:00,26.7928,51.26911,5.6,276.0,275.0,FV KAVERI,fishing,38.4,2.4,0
290291614,2026-08-26 03:00:00,26.79443,51.25174,5.5,276.1,276.0,FV KAVERI,fishing,38.4,2.4,0
290291614,2026-08-26 03:10:00,26.79604,51.2347,5.3,276.8,273.0,FV KAVERI,fishing,38.4,2.4,0
290291614,2026-08-26 03:20:00,26.79759,51.21816,5.6,275.7,277.0,FV KAVERI,fishing,38.4,2.4,0
290291614,2026-08-26 03:30:00,26.7992,51.20098,5.1,276.9,274.0,FV KAVERI,fishing,38.4,2.4,0
290291614,2026-08-26 03:40:00,26.80068,51.18527,5.9,275.5,276.0,FV KAVERI,fishing,38.4,2.4,0
290291614,2026-08-26 03:50:00,26.8024,51.16698,6.1,275.7,280.0,FV KAVERI,fishing,38.4,2.4,0
290291614,2026-08-26 04:00:00,26.80417,51.14815,5.6,276.4,276.0,FV KAVERI,fishing,38.4,2.4,0
290291614,2026-08-26 04:10:00,26.8058,51.13078,5.8,275.3,273.0,FV KAVERI,fishing,38.4,2.4,0
290291614,2026-08-26 04:20:00,26.80749,51.11277,5.4,276.1,275.0,FV KAVERI,fishing,38.4,2.4,0
290291614,2026-08-26 04:30:00,26.80907,51.09592,5.8,277.3,273.0,FV KAVERI,fishing,38.4,2.4,0
290291614,2026-08-26 04:40:00,26.81076,51.07802,5.4,274.6,282.0,FV KAVERI,fishing,38.4,2.4,0
290291614,2026-08-26 04:50:00,26.81233,51.06124,5.7,276.5,272.0,FV KAVERI,fishing,38.4,2.4,0
290291614,2026-08-26 05:00:00,26.81398,51.04365,5.6,276.5,275.0,FV KAVERI,fishing,38.4,2.4,0
290291614,2026-08-26 05:10:00,26.81561,51.0263,5.9,278.3,273.0,FV KAVERI,fishing,38.4,2.4,0
290291614,2026-08-26 05:20:00,26.81732,51.00812,5.4,275.1,281.0,FV KAVERI,fishing,38.4,2.4,0
290291614,2026-08-26 05:30:00,26.81888,50.99156,5.9,275.9,276.0,FV KAVERI,fishing,38.4,2.4,0
290291614,2026-08-26 05:40:00,26.82058,50.97341,5.4,276.9,275.0,FV KAVERI,fishing,38.4,2.4,0
290291614,2026-08-26 05:50:00,26.82215,50.95669,5.5,276.6,275.0,FV KAVERI,fishing,38.4,2.4,0
290291614,2026-08-26 06:00:00,26.82376,50.93954,5.6,276.0,278.0,FV KAVERI,fishing,38.4,2.4,0
290291614,2026-08-26 06:10:00,26.82538,50.92237,6.0,276.6,278.0,FV KAVERI,fishing,38.4,2.4,0
290291614,2026-08-26 06:20:00,26.82713,50.90374,5.6,275.3,278.0,FV KAVERI,fishing,38.4,2.4,0
290291614,2026-08-26 06:30:00,26.82874,50.88655,5.7,274.6,275.0,FV KAVERI,fishing,38.4,2.4,0
290291614,2026-08-26 06:40:00,26.83038,50.86906,5.6,275.5,280.0,FV KAVERI,fishing,38.4,2.4,0
290291614,2026-08-26 06:50:00,26.83201,50.85177,5.7,277.4,277.0,FV KAVERI,fishing,38.4,2.4,0
290291614,2026-08-26 07:00:00,26.83367,50.83405,5.6,275.1,276.0,FV KAVERI,fishing,38.4,2.4,0
290291614,2026-08-26 07:10:00,26.83531,50.81663,5.6,274.6,274.0,FV KAVERI,fishing,38.4,2.4,0
290291614,2026-08-26 07:20:00,26.83694,50.79927,5.5,276.4,277.0,FV KAVERI,fishing,38.4,2.4,0
290291614,2026-08-26 07:30:00,26.83854,50.78217,5.5,276.5,275.0,FV KAVERI,fishing,38.4,2.4,0
290291614,2026-08-26 07:40:00,26.84013,50.76526,4.9,275.5,279.0,FV KAVERI,fishing,38.4,2.4,0
290291614,2026-08-26 07:50:00,26.84155,50.75013,5.2,276.1,281.0,FV KAVERI,fishing,38.4,2.4,0
290291614,2026-08-26 08:00:00,26.84306,50.73408,5.4,276.0,272.0,FV KAVERI,fishing,38.4,2.4,0
290291614,2026-08-26 08:10:00,26.84464,50.71731,6.0,275.9,276.0,FV KAVERI,fishing,38.4,2.4,0
290291614,2026-08-26 08:20:00,26.84289,50.73592,5.9,96.7,93.0,FV KAVERI,fishing,38.4,2.4,0
290291614,2026-08-26 08:30:00,26.84116,50.75433,5.4,96.5,94.0,FV KAVERI,fishing,38.4,2.4,0
290291614,2026-08-26 08:40:00,26.83957,50.77118,5.1,96.0,92.0,FV KAVERI,fishing,38.4,2.4,0
290291614,2026-08-26 08:50:00,26.83809,50.78689,6.0,96.2,93.0,FV KAVERI,fishing,38.4,2.4,0
290291614,2026-08-26 09:00:00,26.83634,50.8055,5.4,94.1,93.0,FV KAVERI,fishing,38.4,2.4,0
290291614,2026-08-26 09:10:00,26.83476,50.82231,5.9,98.2,98.0,FV KAVERI,fishing,38.4,2.4,0
290291614,2026-08-26 09:20:00,26.83306,50.84045,5.6,95.6,93.0,FV KAVERI,fishing,38.4,2.4,0
290291614,2026-08-26 09:30:00,26.83143,50.85773,6.1,95.8,102.0,FV KAVERI,fishing,38.4,2.4,0
290291614,2026-08-26 09:40:00,26.82965,50.87667,6.0,94.3,94.0,FV KAVERI,fishing,38.4,2.4,0
290291614,2026-08-26 09:50:00,26.82792,50.8951,5.4,95.9,96.0,FV KAVERI,fishing,38.4,2.4,0
290291614,2026-08-26 10:00:00,26.82633,50.91194,6.4,94.9,97.0,FV KAVERI,fishing,38.4,2.4,0
290291614,2026-08-26 10:10:00,26.82448,50.9316,5.8,96.0,96.0,FV KAVERI,fishing,38.4,2.4,0
290291614,2026-08-26 10:20:00,26.82281,50.94943,5.3,96.1,98.0,FV KAVERI,fishing,38.4,2.4,0
290291614,2026-08-26 10:30:00,26.82125,50.96597,5.7,96.6,100.0,FV KAVERI,fishing,38.4,2.4,0
290291614,2026-08-26 10:40:00,26.81959,50.98358,5.8,96.1,92.0,FV KAVERI,fishing,38.4,2.4,0
290291614,2026-08-26 10:50:00,26.81789,51.00165,5.5,95.8,97.0,FV KAVERI,fishing,38.4,2.4,0
290291614,2026-08-26 11:00:00,26.81631,51.01854,5.5,95.1,92.0,FV KAVERI,fishing,38.4,2.4,0
290291614,2026-08-26 11:10:00,26.81471,51.03552,5.2,95.8,92.0,FV KAVERI,fishing,38.4,2.4,0
290291614,2026-08-26 11:20:00,26.8132,51.05159,5.4,95.6,92.0,FV KAVERI,fishing,38.4,2.4,0
290291614,2026-08-26 11:30:00,26.81164,51.06816,5.7,96.8,94.0,FV KAVERI,fishing,38.4,2.4,0
290291614,2026-08-26 11:40:00,26.80998,51.08581,5.5,96.6,94.0,FV KAVERI,fishing,38.4,2.4,0
290291614,2026-08-26 11:50:00,26.80838,51.10282,5.4,97.2,99.0,FV KAVERI,fishing,38.4,2.4,0
290291614,2026-08-26 12:00:00,26.8068,51.11956,5.8,96.9,90.0,FV KAVERI,fishing,38.4,2.4,0
290291614,2026-08-26 12:10:00,26.80513,51.13737,5.9,96.4,99.0,FV KAVERI,fishing,38.4,2.4,0
290291614,2026-08-26 12:20:00,26.8034,51.15577,5.7,96.1,95.0,FV KAVERI,fishing,38.4,2.4,0
290291614,2026-08-26 12:30:00,26.80174,51.17341,5.7,95.7,99.0,FV KAVERI,fishing,38.4,2.4,0
290291614,2026-08-26 12:40:00,26.80008,51.19105,5.2,95.5,102.0,FV KAVERI,fishing,38.4,2.4,0
290291614,2026-08-26 12:50:00,26.79856,51.20717,5.5,95.8,93.0,FV KAVERI,fishing,38.4,2.4,0
290291614,2026-08-26 13:00:00,26.79698,51.22403,5.7,95.3,95.0,FV KAVERI,fishing,38.4,2.4,0
290291614,2026-08-26 13:10:00,26.79532,51.24163,5.8,95.3,98.0,FV KAVERI,fishing,38.4,2.4,0
290291614,2026-08-26 13:20:00,26.79363,51.25964,5.8,97.1,96.0,FV KAVERI,fishing,38.4,2.4,0
290291614,2026-08-26 13:30:00,26.79193,51.27762,6.4,97.1,97.0,FV KAVERI,fishing,38.4,2.4,0
290291614,2026-08-26 13:40:00,26.79007,51.29747,5.4,95.9,100.0,FV KAVERI,fishing,38.4,2.4,0
290291614,2026-08-26 13:50:00,26.7885,51.31414,6.0,97.5,98.0,FV KAVERI,fishing,38.4,2.4,0
290291614,2026-08-26 14:00:00,26.78674,51.33281,5.3,96.5,92.0,FV KAVERI,fishing,38.4,2.4,0
290291614,2026-08-26 14:10:00,26.7852,51.34918,5.2,96.3,98.0,FV KAVERI,fishing,38.4,2.4,0
290291614,2026-08-26 14:20:00,26.78368,51.36537,5.8,96.5,98.0,FV KAVERI,fishing,38.4,2.4,0
290291614,2026-08-26 14:30:00,26.78198,51.38342,5.4,95.9,91.0,FV KAVERI,fishing,38.4,2.4,0
290291614,2026-08-26 14:40:00,26.78042,51.4,5.1,96.8,94.0,FV KAVERI,fishing,38.4,2.4,0
290291614,2026-08-26 14:50:00,26.77893,51.4158,5.8,97.1,94.0,FV KAVERI,fishing,38.4,2.4,0
290291614,2026-08-26 15:00:00,26.77724,51.43381,5.8,120.5,116.0,FV KAVERI,fishing,38.4,2.4,0
290291614,2026-08-26 15:10:00,26.76897,51.44913,5.6,120.7,120.0,FV KAVERI,fishing,38.4,2.4,0
290291614,2026-08-26 15:20:00,26.76088,51.46414,6.1,119.6,122.0,FV KAVERI,fishing,38.4,2.4,0
290291614,2026-08-26 15:30:00,26.75212,51.48038,5.4,122.0,122.0,FV KAVERI,fishing,38.4,2.4,0
290291614,2026-08-26 15:40:00,26.74442,51.49464,5.7,120.2,119.0,FV KAVERI,fishing,38.4,2.4,0
290291614,2026-08-26 15:50:00,26.73624,51.50981,5.8,122.9,123.0,FV KAVERI,fishing,38.4,2.4,0
290291614,2026-08-26 16:00:00,26.72785,51.52535,5.4,121.5,128.0,FV KAVERI,fishing,38.4,2.4,0
290291614,2026-08-26 16:10:00,26.72012,51.53967,5.6,122.6,119.0,FV KAVERI,fishing,38.4,2.4,0
290291614,2026-08-26 16:20:00,26.71204,51.55466,5.6,121.8,122.0,FV KAVERI,fishing,38.4,2.4,0
290291614,2026-08-26 16:30:00,26.704,51.56955,5.4,120.3,124.0,FV KAVERI,fishing,38.4,2.4,0
290291614,2026-08-26 16:40:00,26.69622,51.58396,5.9,122.6,127.0,FV KAVERI,fishing,38.4,2.4,0
290291614,2026-08-26 16:50:00,26.68775,51.59967,5.6,120.8,125.0,FV KAVERI,fishing,38.4,2.4,0
290291614,2026-08-26 17:00:00,26.67965,51.61467,5.8,120.2,118.0,FV KAVERI,fishing,38.4,2.4,0
290291614,2026-08-26 17:10:00,26.67134,51.63006,5.7,121.0,121.0,FV KAVERI,fishing,38.4,2.4,0
290291614,2026-08-26 17:20:00,26.66311,51.6453,5.9,121.9,125.0,FV KAVERI,fishing,38.4,2.4,0
290291614,2026-08-26 17:30:00,26.65467,51.66092,5.1,121.4,123.0,FV KAVERI,fishing,38.4,2.4,0
290291614,2026-08-26 17:40:00,26.64732,51.67455,5.2,120.5,119.0,FV KAVERI,fishing,38.4,2.4,0
290291614,2026-08-26 17:50:00,26.63981,51.68844,5.6,122.8,127.0,FV KAVERI,fishing,38.4,2.4,0
290291614,2026-08-26 18:00:00,26.63175,51.70337,5.4,121.7,123.0,FV KAVERI,fishing,38.4,2.4,0
290291614,2026-08-26 18:10:00,26.624,51.71773,5.7,121.5,122.0,FV KAVERI,fishing,38.4,2.4,0
290291614,2026-08-26 18:20:00,26.61581,51.7329,6.0,122.2,118.0,FV KAVERI,fishing,38.4,2.4,0
290291614,2026-08-26 18:30:00,26.60715,51.74892,5.8,122.0,122.0,FV KAVERI,fishing,38.4,2.4,0
290291614,2026-08-26 18:40:00,26.59881,51.76435,5.9,121.3,122.0,FV KAVERI,fishing,38.4,2.4,0
290291614,2026-08-26 18:50:00,26.59035,51.78001,5.6,119.1,121.0,FV KAVERI,fishing,38.4,2.4,0
290291614,2026-08-26 19:00:00,26.58226,51.79499,5.4,119.9,125.0,FV KAVERI,fishing,38.4,2.4,0
290291614,2026-08-26 19:10:00,26.57445,51.80945,5.7,121.1,119.0,FV KAVERI,fishing,38.4,2.4,0
290291614,2026-08-26 19:20:00,26.56622,51.82468,5.7,122.1,119.0,FV KAVERI,fishing,38.4,2.4,0
290291614,2026-08-26 19:30:00,26.55806,51.83978,5.6,122.0,115.0,FV KAVERI,fishing,38.4,2.4,0
290291614,2026-08-26 19:40:00,26.55001,51.85467,5.6,120.7,121.0,FV KAVERI,fishing,38.4,2.4,0
290291614,2026-08-26 19:50:00,26.54198,51.86953,5.5,121.3,127.0,FV KAVERI,fishing,38.4,2.4,0
290291614,2026-08-26 20:00:00,26.53411,51.88409,5.5,121.4,127.0,FV KAVERI,fishing,38.4,2.4,0
290291614,2026-08-26 20:10:00,26.52617,51.89877,5.5,123.0,121.0,FV KAVERI,fishing,38.4,2.4,0
290291614,2026-08-26 20:20:00,26.51832,51.9133,6.1,121.9,122.0,FV KAVERI,fishing,38.4,2.4,0
290291614,2026-08-26 20:30:00,26.50963,51.92938,5.6,120.5,121.0,FV KAVERI,fishing,38.4,2.4,0
290291614,2026-08-26 20:40:00,26.5016,51.94423,5.8,121.1,120.0,FV KAVERI,fishing,38.4,2.4,0
290291614,2026-08-26 20:50:00,26.49323,51.95971,5.5,122.1,125.0,FV KAVERI,fishing,38.4,2.4,0
290291614,2026-08-26 21:00:00,26.48527,51.97443,5.4,120.5,122.0,FV KAVERI,fishing,38.4,2.4,0
290291614,2026-08-26 21:10:00,26.47745,51.98888,6.0,122.3,117.0,FV KAVERI,fishing,38.4,2.4,0
290291614,2026-08-26 21:20:00,26.46885,52.00478,5.5,120.2,120.0,FV KAVERI,fishing,38.4,2.4,0
290291614,2026-08-26 21:30:00,26.4609,52.01949,6.0,119.7,116.0,FV KAVERI,fishing,38.4,2.4,0
290291614,2026-08-26 21:40:00,26.45227,52.03544,5.4,121.4,123.0,FV KAVERI,fishing,38.4,2.4,0
290291614,2026-08-26 21:50:00,26.44452,52.04978,5.7,122.3,116.0,FV KAVERI,fishing,38.4,2.4,0
290291614,2026-08-26 22:00:00,26.43631,52.06495,5.9,120.8,123.0,FV KAVERI,fishing,38.4,2.4,0
290291614,2026-08-26 22:10:00,26.42783,52.08062,5.3,121.1,122.0,FV KAVERI,fishing,38.4,2.4,0
290291614,2026-08-26 22:20:00,26.42025,52.09462,5.9,119.6,121.0,FV KAVERI,fishing,38.4,2.4,0
290291614,2026-08-26 22:30:00,26.41179,52.11027,5.3,121.6,123.0,FV KAVERI,fishing,38.4,2.4,0
290291614,2026-08-26 22:40:00,26.40413,52.12443,5.9,120.6,124.0,FV KAVERI,fishing,38.4,2.4,0
290291614,2026-08-26 22:50:00,26.39561,52.14016,5.9,119.5,123.0,FV KAVERI,fishing,38.4,2.4,0
290291614,2026-08-26 23:00:00,26.38707,52.15594,5.8,120.9,118.0,FV KAVERI,fishing,38.4,2.4,0
290291614,2026-08-26 23:10:00,26.37868,52.17145,5.8,119.9,121.0,FV KAVERI,fishing,38.4,2.4,0
290291614,2026-08-26 23:20:00,26.37029,52.18695,5.6,121.9,119.0,FV KAVERI,fishing,38.4,2.4,0
290291614,2026-08-26 23:30:00,26.36225,52.2018,5.4,121.2,124.0,FV KAVERI,fishing,38.4,2.4,0
290291614,2026-08-26 23:40:00,26.35445,52.21621,6.2,119.6,122.0,FV KAVERI,fishing,38.4,2.4,0
290291614,2026-08-26 23:50:00,26.34558,52.2326,5.3,122.2,118.0,FV KAVERI,fishing,38.4,2.4,0
290291614,2026-08-27 00:00:00,26.33791,52.24675,5.4,120.5,121.0,FV KAVERI,fishing,38.4,2.4,0
301034922,2026-08-26 00:00:00,26.624,51.71639,2.3,336.0,341.0,FV CASPIAN,fishing,25.9,2.7,0
301034922,2026-08-26 00:10:00,26.62982,51.71365,2.8,337.6,333.0,FV CASPIAN,fishing,25.9,2.7,0
301034922,2026-08-26 00:20:00,26.63711,51.71022,3.4,337.1,338.0,FV CASPIAN,fishing,25.9,2.7,0
301034922,2026-08-26 00:30:00,26.64574,51.70616,3.6,338.7,336.0,FV CASPIAN,fishing,25.9,2.7,0
301034922,2026-08-26 00:40:00,26.65494,51.70184,2.9,336.9,339.0,FV CASPIAN,fishing,25.9,2.7,0
301034922,2026-08-26 00:50:00,26.66227,51.69839,3.0,336.8,342.0,FV CASPIAN,fishing,25.9,2.7,0
301034922,2026-08-26 01:00:00,26.66991,51.69479,3.0,339.5,337.0,FV CASPIAN,fishing,25.9,2.7,0
301034922,2026-08-26 01:10:00,26.67755,51.6912,3.5,337.6,340.0,FV CASPIAN,fishing,25.9,2.7,0
301034922,2026-08-26 01:20:00,26.6864,51.68704,2.8,336.3,339.0,FV CASPIAN,fishing,25.9,2.7,0
301034922,2026-08-26 01:30:00,26.69365,51.68363,3.3,337.2,333.0,FV CASPIAN,fishing,25.9,2.7,0
301034922,2026-08-26 01:40:00,26.70199,51.6797,2.7,335.8,332.0,FV CASPIAN,fishing,25.9,2.7,0
301034922,2026-08-26 01:50:00,26.70883,51.67648,3.0,338.3,337.0,FV CASPIAN,fishing,25.9,2.7,0
301034922,2026-08-26 02:00:00,26.71661,51.67282,2.4,337.0,337.0,FV CASPIAN,fishing,25.9,2.7,0
301034922,2026-08-26 02:10:00,26.72288,51.66987,3.5,335.7,336.0,FV CASPIAN,fishing,25.9,2.7,0
301034922,2026-08-26 02:20:00,26.73193,51.66561,3.4,337.7,339.0,FV CASPIAN,fishing,25.9,2.7,0
301034922,2026-08-26 02:30:00,26.74073,51.66147,3.0,337.5,340.0,FV CASPIAN,fishing,25.9,2.7,0
301034922,2026-08-26 02:40:00,26.74852,51.6578,2.8,338.1,333.0,FV CASPIAN,fishing,25.9,2.7,0
301034922,2026-08-26 02:50:00,26.75571,51.65442,3.1,337.4,335.0,FV CASPIAN,fishing,25.9,2.7,0
301034922,2026-08-26 03:00:00,26.76363,51.65069,3.0,336.6,334.0,FV CASPIAN,fishing,25.9,2.7,0
301034922,2026-08-26 03:10:00,26.77133,51.64707,2.9,336.1,338.0,FV CASPIAN,fishing,25.9,2.7,0
301034922,2026-08-26 03:20:00,26.77881,51.64354,2.7,337.9,334.0,FV CASPIAN,fishing,25.9,2.7,0
301034922,2026-08-26 03:30:00,26.78579,51.64026,2.9,336.6,341.0,FV CASPIAN,fishing,25.9,2.7,0
301034922,2026-08-26 03:40:00,26.79314,51.6368,3.1,337.0,339.0,FV CASPIAN,fishing,25.9,2.7,0
301034922,2026-08-26 03:50:00,26.80106,51.63307,2.5,337.2,343.0,FV CASPIAN,fishing,25.9,2.7,0
301034922,2026-08-26 04:00:00,26.80742,51.63007,3.0,337.3,339.0,FV CASPIAN,fishing,25.9,2.7,0
301034922,2026-08-26 04:10:00,26.81522,51.6264,3.2,335.2,332.0,FV CASPIAN,fishing,25.9,2.7,0
301034922,2026-08-26 04:20:00,26.8235,51.6225,3.1,336.5,341.0,FV CASPIAN,fishing,25.9,2.7,0
301034922,2026-08-26 04:30:00,26.83135,51.6188,2.9,335.3,333.0,FV CASPIAN,fishing,25.9,2.7,0
301034922,2026-08-26 04:40:00,26.83886,51.61526,2.3,337.0,337.0,FV CASPIAN,fishing,25.9,2.7,0
301034922,2026-08-26 04:50:00,26.84481,51.61246,2.9,338.3,341.0,FV CASPIAN,fishing,25.9,2.7,0
301034922,2026-08-26 05:00:00,26.85225,51.60895,3.0,335.1,339.0,FV CASPIAN,fishing,25.9,2.7,0
301034922,2026-08-26 05:10:00,26.85985,51.60537,3.2,337.5,340.0,FV CASPIAN,fishing,25.9,2.7,0
301034922,2026-08-26 05:20:00,26.86792,51.60157,2.7,339.2,334.0,FV CASPIAN,fishing,25.9,2.7,0
301034922,2026-08-26 05:30:00,26.87488,51.59829,3.2,335.5,334.0,FV CASPIAN,fishing,25.9,2.7,0
301034922,2026-08-26 05:40:00,26.88307,51.59443,3.4,336.9,340.0,FV CASPIAN,fishing,25.9,2.7,0
301034922,2026-08-26 05:50:00,26.89175,51.59034,3.1,337.1,341.0,FV CASPIAN,fishing,25.9,2.7,0
301034922,2026-08-26 06:00:00,26.89961,51.58663,3.0,335.4,335.0,FV CASPIAN,fishing,25.9,2.7,0
301034922,2026-08-26 06:10:00,26.90717,51.58307,3.2,337.6,332.0,FV CASPIAN,fishing,25.9,2.7,0
301034922,2026-08-26 06:20:00,26.91524,51.57927,2.8,336.6,336.0,FV CASPIAN,fishing,25.9,2.7,0
301034922,2026-08-26 06:30:00,26.92249,51.57585,2.7,336.6,335.0,FV CASPIAN,fishing,25.9,2.7,0
301034922,2026-08-26 06:40:00,26.92932,51.57263,3.2,338.0,337.0,FV CASPIAN,fishing,25.9,2.7,0
301034922,2026-08-26 06:50:00,26.93752,51.56876,2.9,337.3,335.0,FV CASPIAN,fishing,25.9,2.7,0
301034922,2026-08-26 07:00:00,26.94498,51.56524,2.7,336.3,335.0,FV CASPIAN,fishing,25.9,2.7,0
301034922,2026-08-26 07:10:00,26.95196,51.56195,2.7,337.4,339.0,FV CASPIAN,fishing,25.9,2.7,0
301034922,2026-08-26 07:20:00,26.95892,51.55867,2.6,337.2,337.0,FV CASPIAN,fishing,25.9,2.7,0
301034922,2026-08-26 07:30:00,26.96562,51.55551,3.1,337.2,333.0,FV CASPIAN,fishing,25.9,2.7,0
301034922,2026-08-26 07:40:00,26.97355,51.55177,2.7,337.2,340.0,FV CASPIAN,fishing,25.9,2.7,0
301034922,2026-08-26 07:50:00,26.98045,51.54851,2.5,337.5,341.0,FV CASPIAN,fishing,25.9,2.7,0
301034922,2026-08-26 08:00:00,26.98675,51.54555,3.0,337.8,335.0,FV CASPIAN,fishing,25.9,2.7,0
301034922,2026-08-26 08:10:00,26.99436,51.54195,3.0,335.6,330.0,FV CASPIAN,fishing,25.9,2.7,0
301034922,2026-08-26 08:20:00,27.00199,51.53835,3.2,336.2,336.0,FV CASPIAN,fishing,25.9,2.7,0
301034922,2026-08-26 08:30:00,27.01031,51.53443,2.7,335.8,337.0,FV CASPIAN,fishing,25.9,2.7,0
301034922,2026-08-26 08:40:00,27.01713,51.53121,2.8,337.6,339.0,FV CASPIAN,fishing,25.9,2.7,0
301034922,2026-08-26 08:50:00,27.02438,51.52779,3.1,337.4,342.0,FV CASPIAN,fishing,25.9,2.7,0
301034922,2026-08-26 09:00:00,27.03229,51.52406,2.7,337.1,341.0,FV CASPIAN,fishing,25.9,2.7,0
301034922,2026-08-26 09:10:00,27.03932,51.52074,3.3,335.8,336.0,FV CASPIAN,fishing,25.9,2.7,0
301034922,2026-08-26 09:20:00,27.04784,51.51672,3.4,337.7,338.0,FV CASPIAN,fishing,25.9,2.7,0
301034922,2026-08-26 09:30:00,27.05642,51.51267,3.0,336.8,338.0,FV CASPIAN,fishing,25.9,2.7,0
301034922,2026-08-26 09:40:00,27.06399,51.50909,3.0,337.2,337.0,FV CASPIAN,fishing,25.9,2.7,0
301034922,2026-08-26 09:50:00,27.07154,51.50553,2.8,337.7,346.0,FV CASPIAN,fishing,25.9,2.7,0
301034922,2026-08-26 10:00:00,27.07882,51.5021,2.6,337.5,335.0,FV CASPIAN,fishing,25.9,2.7,0
301034922,2026-08-26 10:10:00,27.08539,51.49899,3.2,337.2,339.0,FV CASPIAN,fishing,25.9,2.7,0
301034922,2026-08-26 10:20:00,27.09347,51.49518,3.3,337.4,341.0,FV CASPIAN,fishing,25.9,2.7,0
301034922,2026-08-26 10:30:00,27.10194,51.49118,2.4,338.8,338.0,FV CASPIAN,fishing,25.9,2.7,0
301034922,2026-08-26 10:40:00,27.10815,51.48825,3.3,336.0,335.0,FV CASPIAN,fishing,25.9,2.7,0
301034922,2026-08-26 10:50:00,27.11655,51.48428,3.0,337.2,338.0,FV CASPIAN,fishing,25.9,2.7,0
301034922,2026-08-26 11:00:00,27.12435,51.48059,3.3,335.4,340.0,FV CASPIAN,fishing,25.9,2.7,0
301034922,2026-08-26 11:10:00,27.13276,51.47662,3.0,337.0,333.0,FV CASPIAN,fishing,25.9,2.7,0
301034922,2026-08-26 11:20:00,27.14047,51.47298,3.1,334.8,339.0,FV CASPIAN,fishing,25.9,2.7,0
301034922,2026-08-26 11:30:00,27.1485,51.46919,2.6,337.3,337.0,FV CASPIAN,fishing,25.9,2.7,0
301034922,2026-08-26 11:40:00,27.15526,51.46599,3.3,337.0,335.0,FV CASPIAN,fishing,25.9,2.7,0
301034922,2026-08-26 11:50:00,27.16372,51.462,2.9,338.5,339.0,FV CASPIAN,fishing,25.9,2.7,0
301034922,2026-08-26 12:00:00,27.17111,51.45851,2.9,337.0,332.0,FV CASPIAN,fishing,25.9,2.7,0
301034922,2026-08-26 12:10:00,27.17857,51.45498,3.1,335.4,339.0,FV CASPIAN,fishing,25.9,2.7,0
301034922,2026-08-26 12:20:00,27.18653,51.45122,3.0,339.6,334.0,FV CASPIAN,fishing,25.9,2.7,0
301034922,2026-08-26 12:30:00,27.19432,51.44754,3.0,339.0,341.0,FV CASPIAN,fishing,25.9,2.7,0
301034922,2026-08-26 12:40:00,27.20197,51.44392,2.8,337.4,337.0,FV CASPIAN,fishing,25.9,2.7,0
301034922,2026-08-26 12:50:00,27.20923,51.44049,3.1,336.5,337.0,FV CASPIAN,fishing,25.9,2.7,0
301034922,2026-08-26 13:00:00,27.21713,51.43676,2.6,337.3,339.0,FV CASPIAN,fishing,25.9,2.7,0
301034922,2026-08-26 13:10:00,27.22381,51.4336,3.0,335.6,340.0,FV CASPIAN,fishing,25.9,2.7,0
301034922,2026-08-26 13:20:00,27.23138,51.43002,3.1,336.5,336.0,FV CASPIAN,fishing,25.9,2.7,0
301034922,2026-08-26 13:30:00,27.23932,51.42627,2.6,336.2,336.0,FV CASPIAN,fishing,25.9,2.7,0
301034922,2026-08-26 13:40:00,27.24607,51.42307,3.3,336.6,339.0,FV CASPIAN,fishing,25.9,2.7,0
301034922,2026-08-26 13:50:00,27.25457,51.41906,2.9,337.4,337.0,FV CASPIAN,fishing,25.9,2.7,0
301034922,2026-08-26 14:00:00,27.26194,51.41557,3.2,336.7,332.0,FV CASPIAN,fishing,25.9,2.7,0
301034922,2026-08-26 14:10:00,27.27021,51.41166,2.7,336.7,333.0,FV CASPIAN,fishing,25.9,2.7,0
301034922,2026-08-26 14:20:00,27.27703,51.40843,3.1,336.7,344.0,FV CASPIAN,fishing,25.9,2.7,0
301034922,2026-08-26 14:30:00,27.28501,51.40466,2.6,337.4,334.0,FV CASPIAN,fishing,25.9,2.7,0
301034922,2026-08-26 14:40:00,27.29161,51.40154,2.9,337.3,330.0,FV CASPIAN,fishing,25.9,2.7,0
301034922,2026-08-26 14:50:00,27.299,51.39804,3.1,339.1,336.0,FV CASPIAN,fishing,25.9,2.7,0
301034922,2026-08-26 15:00:00,27.29114,51.40176,3.1,158.2,157.0,FV CASPIAN,fishing,25.9,2.7,0
301034922,2026-08-26 15:10:00,27.28326,51.40549,2.9,154.9,159.0,FV CASPIAN,fishing,25.9,2.7,0
301034922,2026-08-26 15:20:00,27.27592,51.40896,3.0,156.2,158.0,FV CASPIAN,fishing,25.9,2.7,0
301034922,2026-08-26 15:30:00,27.26828,51.41257,2.9,156.7,159.0,FV CASPIAN,fishing,25.9,2.7,0
301034922,2026-08-26 15:40:00,27.26095,51.41604,2.7,158.2,153.0,FV CASPIAN,fishing,25.9,2.7,0
301034922,2026-08-26 15:50:00,27.25409,51.41928,2.8,134.2,136.0,FV CASPIAN,fishing,25.9,2.7,0
301034922,2026-08-26 16:00:00,27.24878,51.42586,3.0,131.3,131.0,FV CASPIAN,fishing,25.9,2.7,0
301034922,2026-08-26 16:10:00,27.24311,51.43288,3.0,132.3,132.0,FV CASPIAN,fishing,25.9,2.7,0
301034922,2026-08-26 16:20:00,27.23745,51.43989,3.0,132.0,128.0,FV CASPIAN,fishing,25.9,2.7,0
301034922,2026-08-26 16:30:00,27.23184,51.44683,2.9,133.2,128.0,FV CASPIAN,fishing,25.9,2.7,0
301034922,2026-08-26 16:40:00,27.22646,51.4535,3.0,131.4,133.0,FV CASPIAN,fishing,25.9,2.7,0
301034922,2026-08-26 16:50:00,27.22092,51.46035,2.9,133.7,134.0,FV CASPIAN,fishing,25.9,2.7,0
301034922,2026-08-26 17:00:00,27.21548,51.46709,2.7,132.9,130.0,FV CASPIAN,fishing,25.9,2.7,0
301034922,2026-08-26 17:10:00,27.21047,51.4733,2.9,132.6,131.0,FV CASPIAN,fishing,25.9,2.7,0
301034922,2026-08-26 17:20:00,27.20511,51.47992,3.2,131.5,130.0,FV CASPIAN,fishing,25.9,2.7,0
301034922,2026-08-26 17:30:00,27.19907,51.4874,2.8,131.7,136.0,FV CASPIAN,fishing,25.9,2.7,0
301034922,2026-08-26 17:40:00,27.19375,51.49398,3.2,134.0,139.0,FV CASPIAN,fishing,25.9,2.7,0
301034922,2026-08-26 17:50:00,27.18784,51.50131,2.8,132.3,129.0,FV CASPIAN,fishing,25.9,2.7,0
301034922,2026-08-26 18:00:00,27.18269,51.50767,2.8,131.6,129.0,FV CASPIAN,fishing,25.9,2.7,0
301034922,2026-08-26 18:10:00,27.17743,51.51418,2.8,132.1,129.0,FV CASPIAN,fishing,25.9,2.7,0
301034922,2026-08-26 18:20:00,27.1723,51.52054,3.2,131.3,141.0,FV CASPIAN,fishing,25.9,2.7,0
301034922,2026-08-26 18:30:00,27.16628,51.52798,2.9,132.3,128.0,FV CASPIAN,fishing,25.9,2.7,0
301034922,2026-08-26 18:40:00,27.16087,51.53468,3.4,133.4,133.0,FV CASPIAN,fishing,25.9,2.7,0
301034922,2026-08-26 18:50:00,27.15445,51.54262,2.7,132.5,129.0,FV CASPIAN,fishing,25.9,2.7,0
301034922,2026-08-26 19:00:00,27.14945,51.5488,3.4,133.1,133.0,FV CASPIAN,fishing,25.9,2.7,0
301034922,2026-08-26 19:10:00,27.14315,51.55661,2.4,131.3,134.0,FV CASPIAN,fishing,25.9,2.7,0
301034922,2026-08-26 19:20:00,27.13866,51.56216,3.3,133.4,127.0,FV CASPIAN,fishing,25.9,2.7,0
301034922,2026-08-26 19:30:00,27.13247,51.56982,3.1,133.3,127.0,FV CASPIAN,fishing,25.9,2.7,0
301034922,2026-08-26 19:40:00,27.12671,51.57695,3.0,132.5,131.0,FV CASPIAN,fishing,25.9,2.7,0
301034922,2026-08-26 19:50:00,27.12109,51.5839,2.6,131.9,131.0,FV CASPIAN,fishing,25.9,2.7,0
301034922,2026-08-26 20:00:00,27.11633,51.58979,3.0,131.7,131.0,FV CASPIAN,fishing,25.9,2.7,0
301034922,2026-08-26 20:10:00,27.11077,51.59666,3.0,132.7,131.0,FV CASPIAN,fishing,25.9,2.7,0
301034922,2026-08-26 20:20:00,27.10517,51.60359,2.9,132.3,126.0,FV CASPIAN,fishing,25.9,2.7,0
301034922,2026-08-26 20:30:00,27.09973,51.61031,3.1,132.2,132.0,FV CASPIAN,fishing,25.9,2.7,0
301034922,2026-08-26 20:40:00,27.09389,51.61754,3.3,130.3,126.0,FV CASPIAN,fishing,25.9,2.7,0
301034922,2026-08-26 20:50:00,27.08781,51.62505,3.1,132.2,133.0,FV CASPIAN,fishing,25.9,2.7,0
301034922,2026-08-26 21:00:00,27.08206,51.63216,2.9,132.9,135.0,FV CASPIAN,fishing,25.9,2.7,0
301034922,2026-08-26 21:10:00,27.07665,51.63885,3.1,132.0,126.0,FV CASPIAN,fishing,25.9,2.7,0
301034922,2026-08-26 21:20:00,27.0708,51.64608,3.2,133.5,134.0,FV CASPIAN,fishing,25.9,2.7,0
301034922,2026-08-26 21:30:00,27.06482,51.65348,2.8,132.9,135.0,FV CASPIAN,fishing,25.9,2.7,0
301034922,2026-08-26 21:40:00,27.05961,51.65992,3.4,131.4,132.0,FV CASPIAN,fishing,25.9,2.7,0
301034922,2026-08-26 21:50:00,27.05326,51.66777,3.2,132.3,129.0,FV CASPIAN,fishing,25.9,2.7,0
301034922,2026-08-26 22:00:00,27.04728,51.67516,3.1,132.8,133.0,FV CASPIAN,fishing,25.9,2.7,0
301034922,2026-08-26 22:10:00,27.04147,51.68235,3.1,132.0,137.0,FV CASPIAN,fishing,25.9,2.7,0
301034922,2026-08-26 22:20:00,27.03574,51.68942,2.8,131.7,132.0,FV CASPIAN,fishing,25.9,2.7,0
301034922,2026-08-26 22:30:00,27.03054,51.69586,3.2,130.8,128.0,FV CASPIAN,fishing,25.9,2.7,0
301034922,2026-08-26 22:40:00,27.0245,51.70331,2.5,132.3,129.0,FV CASPIAN,fishing,25.9,2.7,0
301034922,2026-08-26 22:50:00,27.01983,51.70909,2.9,132.9,130.0,FV CASPIAN,fishing,25.9,2.7,0
301034922,2026-08-26 23:00:00,27.01438,51.71582,3.1,131.9,134.0,FV CASPIAN,fishing,25.9,2.7,0
301034922,2026-08-26 23:10:00,27.00865,51.7229,3.1,131.6,132.0,FV CASPIAN,fishing,25.9,2.7,0
301034922,2026-08-26 23:20:00,27.00281,51.73012,3.3,132.6,128.0,FV CASPIAN,fishing,25.9,2.7,0
301034922,2026-08-26 23:30:00,26.9967,51.73767,3.2,131.2,136.0,FV CASPIAN,fishing,25.9,2.7,0
301034922,2026-08-26 23:40:00,26.99077,51.745,3.3,132.5,133.0,FV CASPIAN,fishing,25.9,2.7,0
301034922,2026-08-26 23:50:00,26.98466,51.75254,3.0,132.9,131.0,FV CASPIAN,fishing,25.9,2.7,0
301034922,2026-08-27 00:00:00,26.97914,51.75937,3.1,133.1,131.0,FV CASPIAN,fishing,25.9,2.7,0
309597022,2026-08-26 00:00:00,26.64572,52.53287,24.0,317.9,319.0,MS MANDOVI,passenger,75.1,4.5,0
309597022,2026-08-26 00:10:00,26.69483,52.48258,23.8,316.3,319.0,MS MANDOVI,passenger,75.1,4.5,0
309597022,2026-08-26 00:20:00,26.7435,52.43272,23.4,317.9,317.0,MS MANDOVI,passenger,75.1,4.5,0
309597022,2026-08-26 00:30:00,26.7914,52.38363,23.7,317.7,308.0,MS MANDOVI,passenger,75.1,4.5,0
309597022,2026-08-26 00:40:00,26.83992,52.33387,23.6,318.2,319.0,MS MANDOVI,passenger,75.1,4.5,0
309597022,2026-08-26 00:50:00,26.88829,52.28426,23.5,319.2,318.0,MS MANDOVI,passenger,75.1,4.5,0
309597022,2026-08-26 01:00:00,26.93651,52.23478,23.7,318.6,319.0,MS MANDOVI,passenger,75.1,4.5,0
309597022,2026-08-26 01:10:00,26.985,52.185,23.3,315.1,316.0,MS MANDOVI,passenger,75.1,4.5,0
309597022,2026-08-26 01:20:00,27.03281,52.13589,23.8,317.2,320.0,MS MANDOVI,passenger,75.1,4.5,0
309597022,2026-08-26 01:30:00,27.08147,52.08589,23.6,318.8,317.0,MS MANDOVI,passenger,75.1,4.5,0
309597022,2026-08-26 01:40:00,27.12982,52.03619,23.7,318.1,322.0,MS MANDOVI,passenger,75.1,4.5,0
309597022,2026-08-26 01:50:00,27.17833,51.9863,23.1,317.1,320.0,MS MANDOVI,passenger,75.1,4.5,0
309597022,2026-08-26 02:00:00,27.22573,51.93753,24.0,317.8,317.0,MS MANDOVI,passenger,75.1,4.5,0
309597022,2026-08-26 02:10:00,27.27479,51.88703,23.8,318.4,316.0,MS MANDOVI,passenger,75.1,4.5,0
309597022,2026-08-26 02:20:00,27.22611,51.9371,23.7,138.7,143.0,MS MANDOVI,passenger,75.1,4.5,0
309597022,2026-08-26 02:30:00,27.17766,51.98691,23.8,137.6,137.0,MS MANDOVI,passenger,75.1,4.5,0
309597022,2026-08-26 02:40:00,27.12899,52.03693,23.7,137.4,138.0,MS MANDOVI,passenger,75.1,4.5,0
309597022,2026-08-26 02:50:00,27.08041,52.08682,23.3,138.8,134.0,MS MANDOVI,passenger,75.1,4.5,0
309597022,2026-08-26 03:00:00,27.03267,52.13584,23.5,137.6,144.0,MS MANDOVI,passenger,75.1,4.5,0
309597022,2026-08-26 03:10:00,26.9846,52.18517,23.5,136.9,136.0,MS MANDOVI,passenger,75.1,4.5,0
309597022,2026-08-26 03:20:00,26.93653,52.23448,24.0,134.7,135.0,MS MANDOVI,passenger,75.1,4.5,0
309597022,2026-08-26 03:30:00,26.88739,52.28487,24.3,138.1,134.0,MS MANDOVI,passenger,75.1,4.5,0
309597022,2026-08-26 03:40:00,26.8377,52.3358,23.6,137.6,140.0,MS MANDOVI,passenger,75.1,4.5,0
309597022,2026-08-26 03:50:00,26.78944,52.38525,24.0,137.9,136.0,MS MANDOVI,passenger,75.1,4.5,0
309597022,2026-08-26 04:00:00,26.7402,52.43566,23.8,136.9,134.0,MS MANDOVI,passenger,75.1,4.5,0
309597022,2026-08-26 04:10:00,26.69151,52.4855,23.1,136.0,135.0,MS MANDOVI,passenger,75.1,4.5,0
309597022,2026-08-26 04:20:00,26.64413,52.53399,23.3,137.9,134.0,MS MANDOVI,passenger,75.1,4.5,0
309597022,2026-08-26 04:30:00,26.59644,52.58276,22.8,136.5,136.0,MS MANDOVI,passenger,75.1,4.5,0
309597022,2026-08-26 04:40:00,26.54976,52.63048,23.4,139.1,136.0,MS MANDOVI,passenger,75.1,4.5,0
309597022,2026-08-26 04:50:00,26.50179,52.67951,23.8,137.5,137.0,MS MANDOVI,passenger,75.1,4.5,0
309597022,2026-08-26 05:00:00,26.55051,52.62968,23.4,317.5,315.0,MS MANDOVI,passenger,75.1,4.5,0
309597022,2026-08-26 05:10:00,26.59835,52.58073,23.6,317.3,315.0,MS MANDOVI,passenger,75.1,4.5,0
309597022,2026-08-26 05:20:00,26.64671,52.53123,23.8,318.0,316.0,MS MANDOVI,passenger,75.1,4.5,0
309597022,2026-08-26 05:30:00,26.69549,52.48128,23.6,317.5,315.0,MS MANDOVI,passenger,75.1,4.5,0
309597022,2026-08-26 05:40:00,26.74383,52.43175,23.6,316.9,315.0,MS MANDOVI,passenger,75.1,4.5,0
309597022,2026-08-26 05:50:00,26.79214,52.38224,23.2,317.2,319.0,MS MANDOVI,passenger,75.1,4.5,0
309597022,2026-08-26 06:00:00,26.83958,52.3336,23.4,320.1,320.0,MS MANDOVI,passenger,75.1,4.5,0
309597022,2026-08-26 06:10:00,26.8875,52.28445,23.9,318.3,323.0,MS MANDOVI,passenger,75.1,4.5,0
309597022,2026-08-26 06:20:00,26.93644,52.23423,23.4,315.0,316.0,MS MANDOVI,passenger,75.1,4.5,0
309597022,2026-08-26 06:30:00,26.9843,52.18509,23.7,317.7,318.0,MS MANDOVI,passenger,75.1,4.5,0
309597022,2026-08-26 06:40:00,27.03286,52.13522,23.9,317.9,320.0,MS MANDOVI,passenger,75.1,4.5,0
309597022,2026-08-26 06:50:00,27.08181,52.08492,23.3,316.5,322.0,MS MANDOVI,passenger,75.1,4.5,0
309597022,2026-08-26 07:00:00,27.1296,52.03579,23.6,316.9,316.0,MS MANDOVI,passenger,75.1,4.5,0
309597022,2026-08-26 07:10:00,27.17792,51.9861,23.4,290.4,287.0,MS MANDOVI,passenger,75.1,4.5,0
309597022,2026-08-26 07:20:00,27.20126,51.91792,23.2,290.9,289.0,MS MANDOVI,passenger,75.1,4.5,0
309597022,2026-08-26 07:30:00,27.22439,51.85035,23.8,291.4,292.0,MS MANDOVI,passenger,75.1,4.5,0
309597022,2026-08-26 07:40:00,27.24816,51.78086,23.4,290.9,292.0,MS MANDOVI,passenger,75.1,4.5,0
309597022,2026-08-26 07:50:00,27.27148,51.71271,23.8,291.0,294.0,MS MANDOVI,passenger,75.1,4.5,0
309597022,2026-08-26 08:00:00,27.29516,51.64348,23.6,291.9,290.0,MS MANDOVI,passenger,75.1,4.5,0
309597022,2026-08-26 08:10:00,27.27162,51.71218,23.1,111.3,113.0,MS MANDOVI,passenger,75.1,4.5,0
309597022,2026-08-26 08:20:00,27.24854,51.77954,23.7,111.5,110.0,MS MANDOVI,passenger,75.1,4.5,0
309597022,2026-08-26 08:30:00,27.22486,51.84862,23.4,111.6,112.0,MS MANDOVI,passenger,75.1,4.5,0
309597022,2026-08-26 08:40:00,27.20153,51.91669,23.4,112.2,108.0,MS MANDOVI,passenger,75.1,4.5,0
309597022,2026-08-26 08:50:00,27.17814,51.98491,23.4,112.7,114.0,MS MANDOVI,passenger,75.1,4.5,0
309597022,2026-08-26 09:00:00,27.15475,52.05311,23.5,111.4,112.0,MS MANDOVI,passenger,75.1,4.5,0
309597022,2026-08-26 09:10:00,27.1313,52.12146,22.9,110.2,111.0,MS MANDOVI,passenger,75.1,4.5,0
309597022,2026-08-26 09:20:00,27.10846,52.18806,23.5,111.3,114.0,MS MANDOVI,passenger,75.1,4.5,0
309597022,2026-08-26 09:30:00,27.08501,52.25638,23.5,110.0,112.0,MS MANDOVI,passenger,75.1,4.5,0
309597022,2026-08-26 09:40:00,27.06156,52.32471,23.5,110.9,110.0,MS MANDOVI,passenger,75.1,4.5,0
309597022,2026-08-26 09:50:00,27.0381,52.39302,24.1,108.8,110.0,MS MANDOVI,passenger,75.1,4.5,0
309597022,2026-08-26 10:00:00,27.01401,52.46319,23.6,110.3,114.0,MS MANDOVI,passenger,75.1,4.5,0
309597022,2026-08-26 10:10:00,26.99048,52.5317,23.8,111.0,110.0,MS MANDOVI,passenger,75.1,4.5,0
309597022,2026-08-26 10:20:00,26.96674,52.6008,23.5,111.0,111.0,MS MANDOVI,passenger,75.1,4.5,0
309597022,2026-08-26 10:30:00,26.94324,52.66921,23.5,111.3,113.0,MS MANDOVI,passenger,75.1,4.5,0
309597022,2026-08-26 10:40:00,26.96669,52.60084,23.3,290.0,286.0,MS MANDOVI,passenger,75.1,4.5,0
309597022,2026-08-26 10:50:00,26.98988,52.53322,23.8,291.3,293.0,MS MANDOVI,passenger,75.1,4.5,0
309597022,2026-08-26 11:00:00,27.0136,52.46405,23.2,292.8,289.0,MS MANDOVI,passenger,75.1,4.5,0
309597022,2026-08-26 11:10:00,27.03674,52.39654,23.6,291.9,288.0,MS MANDOVI,passenger,75.1,4.5,0
309597022,2026-08-26 11:20:00,27.06029,52.32785,23.4,291.2,300.0,MS MANDOVI,passenger,75.1,4.5,0
309597022,2026-08-26 11:30:00,27.08365,52.25967,23.6,292.7,295.0,MS MANDOVI,passenger,75.1,4.5,0
309597022,2026-08-26 11:40:00,27.10723,52.19086,23.7,290.1,294.0,MS MANDOVI,passenger,75.1,4.5,0
309597022,2026-08-26 11:50:00,27.13082,52.12198,23.2,292.7,292.0,MS MANDOVI,passenger,75.1,4.5,0
309597022,2026-08-26 12:00:00,27.15395,52.05445,22.9,290.7,293.0,MS MANDOVI,passenger,75.1,4.5,0
309597022,2026-08-26 12:10:00,27.17679,51.98775,23.5,291.8,289.0,MS MANDOVI,passenger,75.1,4.5,0
309597022,2026-08-26 12:20:00,27.20023,51.91927,23.2,291.0,291.0,MS MANDOVI,passenger,75.1,4.5,0
309597022,2026-08-26 12:30:00,27.2234,51.85156,23.5,292.3,289.0,MS MANDOVI,passenger,75.1,4.5,0
309597022,2026-08-26 12:40:00,27.24682,51.78313,23.6,291.1,286.0,MS MANDOVI,passenger,75.1,4.5,0
309597022,2026-08-26 12:50:00,27.2704,51.71421,23.2,291.1,297.0,MS MANDOVI,passenger,75.1,4.5,0
309597022,2026-08-26 13:00:00,27.29357,51.64646,23.7,289.3,282.0,MS MANDOVI,passenger,75.1,4.5,0
309597022,2026-08-26 13:10:00,27.26989,51.71558,23.8,111.0,114.0,MS MANDOVI,passenger,75.1,4.5,0
309597022,2026-08-26 13:20:00,27.24617,51.78479,23.4,111.4,114.0,MS MANDOVI,passenger,75.1,4.5,0
309597022,2026-08-26 13:30:00,27.22286,51.85281,23.5,110.6,111.0,MS MANDOVI,passenger,75.1,4.5,0
309597022,2026-08-26 13:40:00,27.19944,51.92114,23.7,111.1,114.0,MS MANDOVI,passenger,75.1,4.5,0
309597022,2026-08-26 13:50:00,27.17577,51.99017,23.5,109.7,117.0,MS MANDOVI,passenger,75.1,4.5,0
309597022,2026-08-26 14:00:00,27.15235,52.05845,23.4,110.5,111.0,MS MANDOVI,passenger,75.1,4.5,0
309597022,2026-08-26 14:10:00,27.12897,52.12662,23.6,110.7,111.0,MS MANDOVI,passenger,75.1,4.5,0
309597022,2026-08-26 14:20:00,27.10541,52.19526,23.6,111.2,104.0,MS MANDOVI,passenger,75.1,4.5,0
309597022,2026-08-26 14:30:00,27.08189,52.26381,24.0,110.9,113.0,MS MANDOVI,passenger,75.1,4.5,0
309597022,2026-08-26 14:40:00,27.05789,52.33374,23.2,110.6,109.0,MS MANDOVI,passenger,75.1,4.5,0
309597022,2026-08-26 14:50:00,27.0347,52.40129,23.9,110.5,113.0,MS MANDOVI,passenger,75.1,4.5,0
309597022,2026-08-26 15:00:00,27.0108,52.47089,23.4,110.6,110.0,MS MANDOVI,passenger,75.1,4.5,0
309597022,2026-08-26 15:10:00,26.98742,52.53893,23.9,109.2,107.0,MS MANDOVI,passenger,75.1,4.5,0
309597022,2026-08-26 15:20:00,26.96357,52.60837,23.1,110.0,109.0,MS MANDOVI,passenger,75.1,4.5,0
309597022,2026-08-26 15:30:00,26.94052,52.67545,23.2,110.3,105.0,MS MANDOVI,passenger,75.1,4.5,0
309597022,2026-08-26 15:40:00,26.96362,52.60812,23.3,292.3,292.0,MS MANDOVI,passenger,75.1,4.5,0
309597022,2026-08-26 15:50:00,26.98687,52.54034,23.6,290.1,286.0,MS MANDOVI,passenger,75.1,4.5,0
309597022,2026-08-26 16:00:00,27.01042,52.47167,23.3,291.0,294.0,MS MANDOVI,passenger,75.1,4.5,0
309597022,2026-08-26 16:10:00,27.03363,52.40395,23.8,291.7,289.0,MS MANDOVI,passenger,75.1,4.5,0
309597022,2026-08-26 16:20:00,27.05736,52.33473,23.6,290.7,290.0,MS MANDOVI,passenger,75.1,4.5,0
309597022,2026-08-26 16:30:00,27.08087,52.26613,24.1,289.3,290.0,MS MANDOVI,passenger,75.1,4.5,0
309597022,2026-08-26 16:40:00,27.10487,52.19606,23.9,289.6,289.0,MS MANDOVI,passenger,75.1,4.5,0
309597022,2026-08-26 16:50:00,27.12868,52.12657,23.4,290.8,286.0,MS MANDOVI,passenger,75.1,4.5,0
309597022,2026-08-26 17:00:00,27.15204,52.05834,23.7,291.7,293.0,MS MANDOVI,passenger,75.1,4.5,0
309597022,2026-08-26 17:10:00,27.17569,51.98927,23.4,291.2,288.0,MS MANDOVI,passenger,75.1,4.5,0
309597022,2026-08-26 17:20:00,27.19898,51.92125,23.5,293.2,291.0,MS MANDOVI,passenger,75.1,4.5,0
309597022,2026-08-26 17:30:00,27.22239,51.85283,23.3,291.2,287.0,MS MANDOVI,passenger,75.1,4.5,0
309597022,2026-08-26 17:40:00,27.2456,51.78502,23.3,290.0,290.0,MS MANDOVI,passenger,75.1,4.5,0
309597022,2026-08-26 17:50:00,27.2688,51.7172,23.8,291.6,293.0,MS MANDOVI,passenger,75.1,4.5,0
309597022,2026-08-26 18:00:00,27.29254,51.64781,23.3,290.5,292.0,MS MANDOVI,passenger,75.1,4.5,0
309597022,2026-08-26 18:10:00,27.26928,51.7157,23.4,110.8,112.0,MS MANDOVI,passenger,75.1,4.5,0
309597022,2026-08-26 18:20:00,27.2459,51.78392,23.5,111.3,116.0,MS MANDOVI,passenger,75.1,4.5,0
309597022,2026-08-26 18:30:00,27.22245,51.85233,23.5,112.2,113.0,MS MANDOVI,passenger,75.1,4.5,0
309597022,2026-08-26 18:40:00,27.19896,51.92086,23.2,110.0,109.0,MS MANDOVI,passenger,75.1,4.5,0
309597022,2026-08-26 18:50:00,27.17579,51.98842,23.4,111.0,113.0,MS MANDOVI,passenger,75.1,4.5,0
309597022,2026-08-26 19:00:00,27.15247,52.05642,23.9,111.4,110.0,MS MANDOVI,passenger,75.1,4.5,0
309597022,2026-08-26 19:10:00,27.12863,52.12594,23.1,111.1,111.0,MS MANDOVI,passenger,75.1,4.5,0
309597022,2026-08-26 19:20:00,27.10561,52.19302,23.6,113.2,115.0,MS MANDOVI,passenger,75.1,4.5,0
309597022,2026-08-26 19:30:00,27.08203,52.26173,23.8,110.1,110.0,MS MANDOVI,passenger,75.1,4.5,0
309597022,2026-08-26 19:40:00,27.0583,52.33086,23.5,110.3,113.0,MS MANDOVI,passenger,75.1,4.5,0
309597022,2026-08-26 19:50:00,27.03479,52.39934,23.7,110.0,115.0,MS MANDOVI,passenger,75.1,4.5,0
309597022,2026-08-26 20:00:00,27.01117,52.46814,23.6,109.3,111.0,MS MANDOVI,passenger,75.1,4.5,0
309597022,2026-08-26 20:10:00,26.98761,52.53673,23.6,112.0,110.0,MS MANDOVI,passenger,75.1,4.5,0
309597022,2026-08-26 20:20:00,26.96401,52.60544,23.8,111.3,107.0,MS MANDOVI,passenger,75.1,4.5,0
309597022,2026-08-26 20:30:00,26.94026,52.67453,23.2,112.2,115.0,MS MANDOVI,passenger,75.1,4.5,0
309597022,2026-08-26 20:40:00,26.96341,52.60706,23.7,292.6,294.0,MS MANDOVI,passenger,75.1,4.5,0
309597022,2026-08-26 20:50:00,26.98699,52.5383,23.7,290.2,296.0,MS MANDOVI,passenger,75.1,4.5,0
309597022,2026-08-26 21:00:00,27.01066,52.46927,23.7,290.7,289.0,MS MANDOVI,passenger,75.1,4.5,0
309597022,2026-08-26 21:10:00,27.0343,52.40033,23.6,289.4,293.0,MS MANDOVI,passenger,75.1,4.5,0
309597022,2026-08-26 21:20:00,27.05786,52.33158,23.3,291.4,289.0,MS MANDOVI,passenger,75.1,4.5,0
309597022,2026-08-26 21:30:00,27.08113,52.2637,23.5,290.3,291.0,MS MANDOVI,passenger,75.1,4.5,0
309597022,2026-08-26 21:40:00,27.10456,52.1953,24.0,292.4,292.0,MS MANDOVI,passenger,75.1,4.5,0
309597022,2026-08-26 21:50:00,27.12853,52.12532,23.6,291.9,294.0,MS MANDOVI,passenger,75.1,4.5,0
309597022,2026-08-26 22:00:00,27.15203,52.05672,23.4,291.0,286.0,MS MANDOVI,passenger,75.1,4.5,0
309597022,2026-08-26 22:10:00,27.17532,51.98869,23.9,293.1,291.0,MS MANDOVI,passenger,75.1,4.5,0
309597022,2026-08-26 22:20:00,27.1991,51.91922,23.0,291.7,288.0,MS MANDOVI,passenger,75.1,4.5,0
309597022,2026-08-26 22:30:00,27.22207,51.8521,23.4,291.7,292.0,MS MANDOVI,passenger,75.1,4.5,0
309597022,2026-08-26 22:40:00,27.24541,51.78391,23.4,290.4,291.0,MS MANDOVI,passenger,75.1,4.5,0
309597022,2026-08-26 22:50:00,27.26879,51.71557,23.5,290.0,290.0,MS MANDOVI,passenger,75.1,4.5,0
309597022,2026-08-26 23:00:00,27.29219,51.64716,23.7,290.9,287.0,MS MANDOVI,passenger,75.1,4.5,0
309597022,2026-08-26 23:10:00,27.26857,51.7161,23.8,108.3,110.0,MS MANDOVI,passenger,75.1,4.5,0
309597022,2026-08-26 23:20:00,27.24479,51.7855,23.4,111.2,113.0,MS MANDOVI,passenger,75.1,4.5,0
309597022,2026-08-26 23:30:00,27.22141,51.85371,23.9,110.4,113.0,MS MANDOVI,passenger,75.1,4.5,0
309597022,2026-08-26 23:40:00,27.19759,51.92318,23.6,109.4,117.0,MS MANDOVI,passenger,75.1,4.5,0
309597022,2026-08-26 23:50:00,27.17401,51.99196,23.2,111.5,112.0,MS MANDOVI,passenger,75.1,4.5,0
309597022,2026-08-27 00:00:00,27.15083,52.05953,23.6,110.6,114.0,MS MANDOVI,passenger,75.1,4.5,0
313955014,2026-08-26 00:00:00,26.62701,50.73688,4.9,128.4,130.0,FV AURORA,fishing,38.8,3.5,0
313955014,2026-08-26 00:10:00,26.61831,50.74869,4.5,130.0,133.0,FV AURORA,fishing,38.8,3.5,0
313955014,2026-08-26 00:20:00,26.61042,50.75941,4.7,128.3,123.0,FV AURORA,fishing,38.8,3.5,0
313955014,2026-08-26 00:30:00,26.60218,50.7706,4.8,128.9,125.0,FV AURORA,fishing,38.8,3.5,0
313955014,2026-08-26 00:40:00,26.59371,50.78209,5.0,129.0,126.0,FV AURORA,fishing,38.8,3.5,0
313955014,2026-08-26 00:50:00,26.58493,50.79401,4.7,130.6,131.0,FV AURORA,fishing,38.8,3.5,0
313955014,2026-08-26 01:00:00,26.57659,50.80533,4.8,130.1,126.0,FV AURORA,fishing,38.8,3.5,0
313955014,2026-08-26 01:10:00,26.56806,50.8169,4.9,129.6,128.0,FV AURORA,fishing,38.8,3.5,0
313955014,2026-08-26 01:20:00,26.55946,50.82857,5.0,128.7,131.0,FV AURORA,fishing,38.8,3.5,0
313955014,2026-08-26 01:30:00,26.55069,50.84048,5.0,126.6,133.0,FV AURORA,fishing,38.8,3.5,0
313955014,2026-08-26 01:40:00,26.54186,50.85246,4.1,128.9,133.0,FV AURORA,fishing,38.8,3.5,0
313955014,2026-08-26 01:50:00,26.53462,50.86228,4.8,128.0,126.0,FV AURORA,fishing,38.8,3.5,0
313955014,2026-08-26 02:00:00,26.52618,50.87374,5.1,127.6,133.0,FV AURORA,fishing,38.8,3.5,0
313955014,2026-08-26 02:10:00,26.51714,50.886,4.8,128.3,128.0,FV AURORA,fishing,38.8,3.5,0
313955014,2026-08-26 02:20:00,26.50858,50.89761,4.6,130.3,132.0,FV AURORA,fishing,38.8,3.5,0
313955014,2026-08-26 02:30:00,26.50044,50.90865,4.4,129.1,127.0,FV AURORA,fishing,38.8,3.5,0
313955014,2026-08-26 02:40:00,26.49262,50.91926,5.2,128.1,134.0,FV AURORA,fishing,38.8,3.5,0
313955014,2026-08-26 02:50:00,26.48346,50.93167,4.9,128.3,127.0,FV AURORA,fishing,38.8,3.5,0
313955014,2026-08-26 03:00:00,26.4749,50.9433,4.7,128.2,130.0,FV AURORA,fishing,38.8,3.5,0
313955014,2026-08-26 03:10:00,26.46666,50.95446,4.6,127.3,128.0,FV AURORA,fishing,38.8,3.5,0
313955014,2026-08-26 03:20:00,26.45862,50.96536,4.4,128.7,127.0,FV AURORA,fishing,38.8,3.5,0
313955014,2026-08-26 03:30:00,26.45083,50.97592,4.6,131.5,130.0,FV AURORA,fishing,38.8,3.5,0
313955014,2026-08-26 03:40:00,26.44263,50.98704,4.9,127.7,128.0,FV AURORA,fishing,38.8,3.5,0
313955014,2026-08-26 03:50:00,26.43394,50.99882,4.9,128.5,132.0,FV AURORA,fishing,38.8,3.5,0
313955014,2026-08-26 04:00:00,26.42526,51.01059,4.6,129.2,128.0,FV AURORA,fishing,38.8,3.5,0
313955014,2026-08-26 04:10:00,26.41721,51.0215,4.9,128.8,129.0,FV AURORA,fishing,38.8,3.5,0
313955014,2026-08-26 04:20:00,26.40855,51.03323,4.8,128.7,131.0,FV AURORA,fishing,38.8,3.5,0
313955014,2026-08-26 04:30:00,26.40007,51.04473,4.9,129.4,128.0,FV AURORA,fishing,38.8,3.5,0
313955014,2026-08-26 04:40:00,26.39138,51.0565,5.1,129.2,129.0,FV AURORA,fishing,38.8,3.5,0
313955014,2026-08-26 04:50:00,26.38245,51.06861,4.9,131.2,125.0,FV AURORA,fishing,38.8,3.5,0
313955014,2026-08-26 05:00:00,26.37382,51.0803,5.1,127.6,130.0,FV AURORA,fishing,38.8,3.5,0
313955014,2026-08-26 05:10:00,26.36489,51.09239,5.3,130.0,130.0,FV AURORA,fishing,38.8,3.5,0
313955014,2026-08-26 05:20:00,26.35562,51.10496,4.7,129.5,129.0,FV AURORA,fishing,38.8,3.5,0
313955014,2026-08-26 05:30:00,26.34728,51.11626,4.7,129.2,130.0,FV AURORA,fishing,38.8,3.5,0
313955014,2026-08-26 05:40:00,26.33904,51.12741,4.7,128.7,125.0,FV AURORA,fishing,38.8,3.5,0
313955014,2026-08-26 05:50:00,26.3308,51.13858,5.0,130.0,130.0,FV AURORA,fishing,38.8,3.5,0
313955014,2026-08-26 06:00:00,26.32204,51.15044,5.1,129.6,131.0,FV AURORA,fishing,38.8,3.5,0
313955014,2026-08-26 06:10:00,26.31303,51.16264,4.9,129.4,128.0,FV AURORA,fishing,38.8,3.5,0
313955014,2026-08-26 06:20:00,26.30431,51.17445,5.4,129.0,127.0,FV AURORA,fishing,38.8,3.5,0
313955014,2026-08-26 06:30:00,26.29475,51.18739,5.0,129.7,125.0,FV AURORA,fishing,38.8,3.5,0
313955014,2026-08-26 06:40:00,26.28597,51.19928,5.1,129.4,126.0,FV AURORA,fishing,38.8,3.5,0
313955014,2026-08-26 06:50:00,26.27689,51.21157,5.2,130.1,126.0,FV AURORA,fishing,38.8,3.5,0
313955014,2026-08-26 07:00:00,26.26779,51.2239,5.3,130.1,129.0,FV AURORA,fishing,38.8,3.5,0
313955014,2026-08-26 07:10:00,26.25842,51.23658,5.3,129.6,129.0,FV AURORA,fishing,38.8,3.5,0
313955014,2026-08-26 07:20:00,26.24913,51.24915,4.7,130.1,131.0,FV AURORA,fishing,38.8,3.5,0
313955014,2026-08-26 07:30:00,26.24084,51.26037,4.9,128.7,130.0,FV AURORA,fishing,38.8,3.5,0
313955014,2026-08-26 07:40:00,26.23225,51.27199,4.8,128.1,125.0,FV AURORA,fishing,38.8,3.5,0
313955014,2026-08-26 07:50:00,26.2237,51.28357,5.0,126.9,130.0,FV AURORA,fishing,38.8,3.5,0
313955014,2026-08-26 08:00:00,26.21486,51.29552,4.7,130.8,128.0,FV AURORA,fishing,38.8,3.5,0
313955014,2026-08-26 08:10:00,26.20649,51.30685,5.0,129.1,130.0,FV AURORA,fishing,38.8,3.5,0
313955014,2026-08-26 08:20:00,26.19761,51.31886,5.0,129.0,132.0,FV AURORA,fishing,38.8,3.5,0
313955014,2026-08-26 08:30:00,26.1887,51.33091,4.6,129.8,132.0,FV AURORA,fishing,38.8,3.5,0
313955014,2026-08-26 08:40:00,26.18056,51.34193,5.0,131.4,127.0,FV AURORA,fishing,38.8,3.5,0
313955014,2026-08-26 08:50:00,26.17168,51.35393,4.5,128.5,131.0,FV AURORA,fishing,38.8,3.5,0
313955014,2026-08-26 09:00:00,26.16371,51.36472,5.0,129.6,126.0,FV AURORA,fishing,38.8,3.5,0
313955014,2026-08-26 09:10:00,26.1549,51.37662,5.1,128.3,133.0,FV AURORA,fishing,38.8,3.5,0
313955014,2026-08-26 09:20:00,26.14598,51.38869,5.6,129.8,131.0,FV AURORA,fishing,38.8,3.5,0
313955014,2026-08-26 09:30:00,26.13614,51.402,4.7,127.7,128.0,FV AURORA,fishing,38.8,3.5,0
313955014,2026-08-26 09:40:00,26.12777,51.41331,4.6,128.0,135.0,FV AURORA,fishing,38.8,3.5,0
313955014,2026-08-26 09:50:00,26.11967,51.42427,4.9,129.9,129.0,FV AURORA,fishing,38.8,3.5,0
313955014,2026-08-26 10:00:00,26.11096,51.43603,4.8,130.4,129.0,FV AURORA,fishing,38.8,3.5,0
313955014,2026-08-26 10:10:00,26.10246,51.44753,5.0,129.3,128.0,FV AURORA,fishing,38.8,3.5,0
313955014,2026-08-26 10:20:00,26.11127,51.43561,4.5,307.5,309.0,FV AURORA,fishing,38.8,3.5,0
313955014,2026-08-26 10:30:00,26.11924,51.42485,4.9,308.2,309.0,FV AURORA,fishing,38.8,3.5,0
313955014,2026-08-26 10:40:00,26.12784,51.41321,4.9,307.3,307.0,FV AURORA,fishing,38.8,3.5,0
313955014,2026-08-26 10:50:00,26.13645,51.40157,5.0,309.9,306.0,FV AURORA,fishing,38.8,3.5,0
313955014,2026-08-26 11:00:00,26.14521,51.38972,4.9,310.5,312.0,FV AURORA,fishing,38.8,3.5,0
313955014,2026-08-26 11:10:00,26.15387,51.37801,4.8,309.0,308.0,FV AURORA,fishing,38.8,3.5,0
313955014,2026-08-26 11:20:00,26.16241,51.36646,5.0,309.7,311.0,FV AURORA,fishing,38.8,3.5,0
313955014,2026-08-26 11:30:00,26.1712,51.35457,4.9,310.3,310.0,FV AURORA,fishing,38.8,3.5,0
313955014,2026-08-26 11:40:00,26.17984,51.34288,5.1,310.4,307.0,FV AURORA,fishing,38.8,3.5,0
313955014,2026-08-26 11:50:00,26.18877,51.3308,4.4,311.0,310.0,FV AURORA,fishing,38.8,3.5,0
313955014,2026-08-26 12:00:00,26.19655,51.32027,4.4,308.8,312.0,FV AURORA,fishing,38.8,3.5,0
313955014,2026-08-26 12:10:00,26.20438,51.30968,4.8,309.0,314.0,FV AURORA,fishing,38.8,3.5,0
313955014,2026-08-26 12:20:00,26.21284,51.29823,4.6,308.7,310.0,FV AURORA,fishing,38.8,3.5,0
313955014,2026-08-26 12:30:00,26.22096,51.28724,5.0,310.0,312.0,FV AURORA,fishing,38.8,3.5,0
313955014,2026-08-26 12:40:00,26.22972,51.27539,4.9,310.0,309.0,FV AURORA,fishing,38.8,3.5,0
313955014,2026-08-26 12:50:00,26.23839,51.26365,4.9,309.6,310.0,FV AURORA,fishing,38.8,3.5,0
313955014,2026-08-26 13:00:00,26.247,51.252,5.1,310.0,310.0,FV AURORA,fishing,38.8,3.5,0
313955014,2026-08-26 13:10:00,26.25592,51.23992,4.7,309.5,309.0,FV AURORA,fishing,38.8,3.5,0
313955014,2026-08-26 13:20:00,26.26415,51.22878,4.9,311.7,308.0,FV AURORA,fishing,38.8,3.5,0
313955014,2026-08-26 13:30:00,26.27282,51.21705,5.0,310.5,310.0,FV AURORA,fishing,38.8,3.5,0
313955014,2026-08-26 13:40:00,26.28159,51.20517,5.4,309.1,310.0,FV AURORA,fishing,38.8,3.5,0
313955014,2026-08-26 13:50:00,26.2912,51.19215,4.7,309.1,310.0,FV AURORA,fishing,38.8,3.5,0
313955014,2026-08-26 14:00:00,26.29943,51.18101,5.1,309.8,313.0,FV AURORA,fishing,38.8,3.5,0
313955014,2026-08-26 14:10:00,26.30839,51.16888,4.8,309.1,318.0,FV AURORA,fishing,38.8,3.5,0
313955014,2026-08-26 14:20:00,26.31693,51.15731,5.0,308.8,307.0,FV AURORA,fishing,38.8,3.5,0
313955014,2026-08-26 14:30:00,26.32569,51.14545,4.6,310.4,308.0,FV AURORA,fishing,38.8,3.5,0
313955014,2026-08-26 14:40:00,26.33385,51.13438,4.9,287.4,290.0,FV AURORA,fishing,38.8,3.5,0
313955014,2026-08-26 14:50:00,26.33792,51.11992,4.7,286.4,288.0,FV AURORA,fishing,38.8,3.5,0
313955014,2026-08-26 15:00:00,26.34179,51.10617,5.0,287.8,285.0,FV AURORA,fishing,38.8,3.5,0
313955014,2026-08-26 15:10:00,26.34596,51.09135,5.0,286.7,286.0,FV AURORA,fishing,38.8,3.5,0
313955014,2026-08-26 15:20:00,26.35015,51.07648,4.6,288.7,289.0,FV AURORA,fishing,38.8,3.5,0
313955014,2026-08-26 15:30:00,26.354,51.0628,5.0,288.7,296.0,FV AURORA,fishing,38.8,3.5,0
313955014,2026-08-26 15:40:00,26.35817,51.04798,4.4,286.7,286.0,FV AURORA,fishing,38.8,3.5,0
313955014,2026-08-26 15:50:00,26.36185,51.03487,4.7,286.4,287.0,FV AURORA,fishing,38.8,3.5,0
313955014,2026-08-26 16:00:00,26.36572,51.02112,4.6,287.8,288.0,FV AURORA,fishing,38.8,3.5,0
313955014,2026-08-26 16:10:00,26.36951,51.00765,5.0,287.9,289.0,FV AURORA,fishing,38.8,3.5,0
313955014,2026-08-26 16:20:00,26.37366,50.99291,4.8,289.6,288.0,FV AURORA,fishing,38.8,3.5,0
313955014,2026-08-26 16:30:00,26.37763,50.97881,4.4,286.4,282.0,FV AURORA,fishing,38.8,3.5,0
313955014,2026-08-26 16:40:00,26.38128,50.96581,4.9,287.3,286.0,FV AURORA,fishing,38.8,3.5,0
313955014,2026-08-26 16:50:00,26.38533,50.95142,5.4,288.0,290.0,FV AURORA,fishing,38.8,3.5,0
313955014,2026-08-26 17:00:00,26.38979,50.93556,4.6,286.4,288.0,FV AURORA,fishing,38.8,3.5,0
313955014,2026-08-26 17:10:00,26.39364,50.92187,4.9,285.6,287.0,FV AURORA,fishing,38.8,3.5,0
313955014,2026-08-26 17:20:00,26.39772,50.90736,4.9,287.2,285.0,FV AURORA,fishing,38.8,3.5,0
313955014,2026-08-26 17:30:00,26.40177,50.89297,4.7,287.3,288.0,FV AURORA,fishing,38.8,3.5,0
313955014,2026-08-26 17:40:00,26.4057,50.87899,5.0,288.5,287.0,FV AURORA,fishing,38.8,3.5,0
313955014,2026-08-26 17:50:00,26.40987,50.86416,4.7,287.9,289.0,FV AURORA,fishing,38.8,3.5,0
313955014,2026-08-26 18:00:00,26.41382,50.85012,4.8,288.2,290.0,FV AURORA,fishing,38.8,3.5,0
313955014,2026-08-26 18:10:00,26.41778,50.83605,5.2,289.2,285.0,FV AURORA,fishing,38.8,3.5,0
313955014,2026-08-26 18:20:00,26.42209,50.82072,4.9,287.4,287.0,FV AURORA,fishing,38.8,3.5,0
313955014,2026-08-26 18:30:00,26.42614,50.80632,4.7,286.0,288.0,FV AURORA,fishing,38.8,3.5,0
313955014,2026-08-26 18:40:00,26.43005,50.79242,4.7,287.5,285.0,FV AURORA,fishing,38.8,3.5,0
313955014,2026-08-26 18:50:00,26.43393,50.7786,4.6,287.7,288.0,FV AURORA,fishing,38.8,3.5,0
313955014,2026-08-26 19:00:00,26.43775,50.76503,5.0,289.6,288.0,FV AURORA,fishing,38.8,3.5,0
313955014,2026-08-26 19:10:00,26.44191,50.75022,5.0,286.4,284.0,FV AURORA,fishing,38.8,3.5,0
313955014,2026-08-26 19:20:00,26.44606,50.73548,5.3,286.5,284.0,FV AURORA,fishing,38.8,3.5,0
313955014,2026-08-26 19:30:00,26.45043,50.71992,4.9,287.3,285.0,FV AURORA,fishing,38.8,3.5,0
313955014,2026-08-26 19:40:00,26.45447,50.70556,4.8,288.7,285.0,FV AURORA,fishing,38.8,3.5,0
313955014,2026-08-26 19:50:00,26.45049,50.71972,4.5,108.4,109.0,FV AURORA,fishing,38.8,3.5,0
313955014,2026-08-26 20:00:00,26.44673,50.73308,4.7,105.9,105.0,FV AURORA,fishing,38.8,3.5,0
313955014,2026-08-26 20:10:00,26.44281,50.747,4.8,108.6,104.0,FV AURORA,fishing,38.8,3.5,0
313955014,2026-08-26 20:20:00,26.43878,50.76135,4.8,108.1,100.0,FV AURORA,fishing,38.8,3.5,0
313955014,2026-08-26 20:30:00,26.43475,50.77567,5.1,106.3,108.0,FV AURORA,fishing,38.8,3.5,0
313955014,2026-08-26 20:40:00,26.43049,50.79082,4.9,108.5,109.0,FV AURORA,fishing,38.8,3.5,0
313955014,2026-08-26 20:50:00,26.42639,50.80538,4.3,106.7,108.0,FV AURORA,fishing,38.8,3.5,0
313955014,2026-08-26 21:00:00,26.42284,50.81801,4.8,107.9,110.0,FV AURORA,fishing,38.8,3.5,0
313955014,2026-08-26 21:10:00,26.41884,50.83224,5.0,107.2,102.0,FV AURORA,fishing,38.8,3.5,0
313955014,2026-08-26 21:20:00,26.41466,50.84708,4.7,107.9,104.0,FV AURORA,fishing,38.8,3.5,0
313955014,2026-08-26 21:30:00,26.41071,50.86112,5.0,108.3,108.0,FV AURORA,fishing,38.8,3.5,0
313955014,2026-08-26 21:40:00,26.40653,50.87597,4.1,106.2,113.0,FV AURORA,fishing,38.8,3.5,0
313955014,2026-08-26 21:50:00,26.40313,50.88808,4.7,105.5,111.0,FV AURORA,fishing,38.8,3.5,0
313955014,2026-08-26 22:00:00,26.39919,50.90206,4.9,108.5,108.0,FV AURORA,fishing,38.8,3.5,0
313955014,2026-08-26 22:10:00,26.39514,50.91645,5.0,107.8,110.0,FV AURORA,fishing,38.8,3.5,0
313955014,2026-08-26 22:20:00,26.391,50.93116,5.4,108.4,103.0,FV AURORA,fishing,38.8,3.5,0
313955014,2026-08-26 22:30:00,26.38648,50.94723,5.0,108.6,111.0,FV AURORA,fishing,38.8,3.5,0
313955014,2026-08-26 22:40:00,26.38235,50.96193,4.8,108.6,110.0,FV AURORA,fishing,38.8,3.5,0
313955014,2026-08-26 22:50:00,26.37839,50.976,5.5,106.7,106.0,FV AURORA,fishing,38.8,3.5,0
313955014,2026-08-26 23:00:00,26.37381,50.99227,4.8,106.9,105.0,FV AURORA,fishing,38.8,3.5,0
313955014,2026-08-26 23:10:00,26.36982,51.00642,4.2,107.0,109.0,FV AURORA,fishing,38.8,3.5,0
313955014,2026-08-26 23:20:00,26.36635,51.01876,4.7,109.4,107.0,FV AURORA,fishing,38.8,3.5,0
313955014,2026-08-26 23:30:00,26.36241,51.03277,5.2,107.7,110.0,FV AURORA,fishing,38.8,3.5,0
313955014,2026-08-26 23:40:00,26.3581,51.0481,4.9,108.8,108.0,FV AURORA,fishing,38.8,3.5,0
313955014,2026-08-26 23:50:00,26.35399,51.06268,5.0,107.8,107.0,FV AURORA,fishing,38.8,3.5,0
313955014,2026-08-27 00:00:00,26.34984,51.07742,5.0,109.7,107.0,FV AURORA,fishing,38.8,3.5,0
327121000,2026-08-26 00:00:00,26.57825,52.03104,18.2,70.5,73.0,MS MEGHNA,passenger,88.6,5.1,0
327121000,2026-08-26 00:10:00,26.59594,52.08394,18.2,69.7,66.0,MS MEGHNA,passenger,88.6,5.1,0
327121000,2026-08-26 00:20:00,26.61363,52.13689,18.1,69.6,70.0,MS MEGHNA,passenger,88.6,5.1,0
327121000,2026-08-26 00:30:00,26.63122,52.18951,18.1,68.8,66.0,MS MEGHNA,passenger,88.6,5.1,0
327121000,2026-08-26 00:40:00,26.64879,52.2421,18.4,67.5,66.0,MS MEGHNA,passenger,88.6,5.1,0
327121000,2026-08-26 00:50:00,26.66671,52.29572,17.9,69.9,64.0,MS MEGHNA,passenger,88.6,5.1,0
327121000,2026-08-26 01:00:00,26.68406,52.34767,18.3,71.1,75.0,MS MEGHNA,passenger,88.6,5.1,0
327121000,2026-08-26 01:10:00,26.70187,52.40101,17.9,69.8,67.0,MS MEGHNA,passenger,88.6,5.1,0
327121000,2026-08-26 01:20:00,26.71923,52.45301,18.0,69.4,73.0,MS MEGHNA,passenger,88.6,5.1,0
327121000,2026-08-26 01:30:00,26.73675,52.50547,18.5,68.8,72.0,MS MEGHNA,passenger,88.6,5.1,0
327121000,2026-08-26 01:40:00,26.7547,52.55924,17.8,68.7,67.0,MS MEGHNA,passenger,88.6,5.1,0
327121000,2026-08-26 01:50:00,26.77196,52.61095,18.3,69.3,69.0,MS MEGHNA,passenger,88.6,5.1,0
327121000,2026-08-26 02:00:00,26.78978,52.66436,18.3,69.5,71.0,MS MEGHNA,passenger,88.6,5.1,0
327121000,2026-08-26 02:10:00,26.772,52.61115,18.4,249.2,251.0,MS MEGHNA,passenger,88.6,5.1,0
327121000,2026-08-26 02:20:00,26.75414,52.5577,18.5,248.9,249.0,MS MEGHNA,passenger,88.6,5.1,0
327121000,2026-08-26 02:30:00,26.73611,52.50377,18.6,248.4,255.0,MS MEGHNA,passenger,88.6,5.1,0
327121000,2026-08-26 02:40:00,26.71801,52.44961,18.0,249.1,247.0,MS MEGHNA,passenger,88.6,5.1,0
327121000,2026-08-26 02:50:00,26.70051,52.39727,18.9,249.0,248.0,MS MEGHNA,passenger,88.6,5.1,0
327121000,2026-08-26 03:00:00,26.68215,52.34238,18.2,249.6,249.0,MS MEGHNA,passenger,88.6,5.1,0
327121000,2026-08-26 03:10:00,26.66442,52.28935,18.3,246.0,250.0,MS MEGHNA,passenger,88.6,5.1,0
327121000,2026-08-26 03:20:00,26.64663,52.23617,18.3,250.5,253.0,MS MEGHNA,passenger,88.6,5.1,0
327121000,2026-08-26 03:30:00,26.6288,52.18288,18.3,250.3,246.0,MS MEGHNA,passenger,88.6,5.1,0
327121000,2026-08-26 03:40:00,26.61102,52.12974,18.5,248.9,246.0,MS MEGHNA,passenger,88.6,5.1,0
327121000,2026-08-26 03:50:00,26.59301,52.07593,18.3,250.9,250.0,MS MEGHNA,passenger,88.6,5.1,0
327121000,2026-08-26 04:00:00,26.57523,52.02281,18.7,248.7,253.0,MS MEGHNA,passenger,88.6,5.1,0
327121000,2026-08-26 04:10:00,26.55704,51.96848,18.2,249.7,250.0,MS MEGHNA,passenger,88.6,5.1,0
327121000,2026-08-26 04:20:00,26.53938,51.91571,18.5,249.7,247.0,MS MEGHNA,passenger,88.6,5.1,0
327121000,2026-08-26 04:30:00,26.52139,51.86201,18.5,251.2,248.0,MS MEGHNA,passenger,88.6,5.1,0
327121000,2026-08-26 04:40:00,26.50335,51.80815,17.9,250.0,248.0,MS MEGHNA,passenger,88.6,5.1,0
327121000,2026-08-26 04:50:00,26.48597,51.75627,18.3,250.0,248.0,MS MEGHNA,passenger,88.6,5.1,0
327121000,2026-08-26 05:00:00,26.46818,51.70316,18.3,249.4,254.0,MS MEGHNA,passenger,88.6,5.1,0
327121000,2026-08-26 05:10:00,26.45042,51.65016,18.3,248.3,246.0,MS MEGHNA,passenger,88.6,5.1,0
327121000,2026-08-26 05:20:00,26.43259,51.59696,18.4,248.4,245.0,MS MEGHNA,passenger,88.6,5.1,0
327121000,2026-08-26 05:30:00,26.41473,51.54368,18.5,250.2,248.0,MS MEGHNA,passenger,88.6,5.1,0
327121000,2026-08-26 05:40:00,26.39676,51.49005,18.4,249.7,251.0,MS MEGHNA,passenger,88.6,5.1,0
327121000,2026-08-26 05:50:00,26.37886,51.43667,18.5,246.9,249.0,MS MEGHNA,passenger,88.6,5.1,0
327121000,2026-08-26 06:00:00,26.36089,51.38308,18.4,249.1,250.0,MS MEGHNA,passenger,88.6,5.1,0
327121000,2026-08-26 06:10:00,26.34294,51.32956,18.5,249.6,254.0,MS MEGHNA,passenger,88.6,5.1,0
327121000,2026-08-26 06:20:00,26.32493,51.27588,18.6,249.4,249.0,MS MEGHNA,passenger,88.6,5.1,0
327121000,2026-08-26 06:30:00,26.30683,51.22193,17.6,249.2,245.0,MS MEGHNA,passenger,88.6,5.1,0
327121000,2026-08-26 06:40:00,26.2897,51.17088,18.4,249.6,252.0,MS MEGHNA,passenger,88.6,5.1,0
327121000,2026-08-26 06:50:00,26.27183,51.11761,18.7,249.5,256.0,MS MEGHNA,passenger,88.6,5.1,0
327121000,2026-08-26 07:00:00,26.25366,51.06349,18.4,248.2,248.0,MS MEGHNA,passenger,88.6,5.1,0
327121000,2026-08-26 07:10:00,26.23578,51.01023,18.2,250.1,247.0,MS MEGHNA,passenger,88.6,5.1,0
327121000,2026-08-26 07:20:00,26.21805,50.95741,18.2,249.3,248.0,MS MEGHNA,passenger,88.6,5.1,0
327121000,2026-08-26 07:30:00,26.2003,50.90454,18.5,250.1,253.0,MS MEGHNA,passenger,88.6,5.1,0
327121000,2026-08-26 07:40:00,26.18227,50.85089,18.2,250.7,245.0,MS MEGHNA,passenger,88.6,5.1,0
327121000,2026-08-26 07:50:00,26.16453,50.79806,18.0,248.3,250.0,MS MEGHNA,passenger,88.6,5.1,0
327121000,2026-08-26 08:00:00,26.14704,50.74601,18.6,248.9,248.0,MS MEGHNA,passenger,88.6,5.1,0
327121000,2026-08-26 08:10:00,26.16514,50.79995,18.3,70.1,68.0,MS MEGHNA,passenger,88.6,5.1,0
327121000,2026-08-26 08:20:00,26.18289,50.85286,18.2,68.1,68.0,MS MEGHNA,passenger,88.6,5.1,0
327121000,2026-08-26 08:30:00,26.20057,50.90555,18.6,69.6,67.0,MS MEGHNA,passenger,88.6,5.1,0
327121000,2026-08-26 08:40:00,26.21866,50.9595,18.6,68.9,74.0,MS MEGHNA,passenger,88.6,5.1,0
327121000,2026-08-26 08:50:00,26.23676,51.01349,18.7,69.5,65.0,MS MEGHNA,passenger,88.6,5.1,0
327121000,2026-08-26 09:00:00,26.25491,51.06761,18.9,69.9,69.0,MS MEGHNA,passenger,88.6,5.1,0
327121000,2026-08-26 09:10:00,26.27327,51.12238,18.6,70.2,73.0,MS MEGHNA,passenger,88.6,5.1,0
327121000,2026-08-26 09:20:00,26.29131,51.1762,18.2,69.8,66.0,MS MEGHNA,passenger,88.6,5.1,0
327121000,2026-08-26 09:30:00,26.30895,51.22885,18.5,69.5,70.0,MS MEGHNA,passenger,88.6,5.1,0
327121000,2026-08-26 09:40:00,26.32692,51.28247,18.3,69.2,67.0,MS MEGHNA,passenger,88.6,5.1,0
327121000,2026-08-26 09:50:00,26.34469,51.33551,18.5,71.0,68.0,MS MEGHNA,passenger,88.6,5.1,0
327121000,2026-08-26 10:00:00,26.36268,51.38923,18.5,69.9,70.0,MS MEGHNA,passenger,88.6,5.1,0
327121000,2026-08-26 10:10:00,26.38062,51.4428,17.9,68.2,67.0,MS MEGHNA,passenger,88.6,5.1,0
327121000,2026-08-26 10:20:00,26.39805,51.49486,17.8,70.9,71.0,MS MEGHNA,passenger,88.6,5.1,0
327121000,2026-08-26 10:30:00,26.41534,51.54649,18.3,67.3,64.0,MS MEGHNA,passenger,88.6,5.1,0
327121000,2026-08-26 10:40:00,26.43314,51.59965,18.3,71.5,67.0,MS MEGHNA,passenger,88.6,5.1,0
327121000,2026-08-26 10:50:00,26.45094,51.65284,18.5,69.0,70.0,MS MEGHNA,passenger,88.6,5.1,0
327121000,2026-08-26 11:00:00,26.46895,51.70667,18.6,69.1,67.0,MS MEGHNA,passenger,88.6,5.1,0
327121000,2026-08-26 11:10:00,26.48705,51.76077,18.7,69.5,73.0,MS MEGHNA,passenger,88.6,5.1,0
327121000,2026-08-26 11:20:00,26.5052,51.81502,18.1,70.9,70.0,MS MEGHNA,passenger,88.6,5.1,0
327121000,2026-08-26 11:30:00,26.52284,51.86775,18.4,69.6,68.0,MS MEGHNA,passenger,88.6,5.1,0
327121000,2026-08-26 11:40:00,26.54075,51.9213,18.3,69.0,72.0,MS MEGHNA,passenger,88.6,5.1,0
327121000,2026-08-26 11:50:00,26.55855,51.97454,18.3,68.0,64.0,MS MEGHNA,passenger,88.6,5.1,0
327121000,2026-08-26 12:00:00,26.57631,52.02765,17.9,70.1,66.0,MS MEGHNA,passenger,88.6,5.1,0
327121000,2026-08-26 12:10:00,26.59369,52.07965,18.4,69.6,69.0,MS MEGHNA,passenger,88.6,5.1,0
327121000,2026-08-26 12:20:00,26.61157,52.13314,18.4,69.7,61.0,MS MEGHNA,passenger,88.6,5.1,0
327121000,2026-08-26 12:30:00,26.62948,52.18674,18.2,69.9,74.0,MS MEGHNA,passenger,88.6,5.1,0
327121000,2026-08-26 12:40:00,26.64721,52.23979,18.7,68.1,68.0,MS MEGHNA,passenger,88.6,5.1,0
327121000,2026-08-26 12:50:00,26.66542,52.29431,17.9,71.0,73.0,MS MEGHNA,passenger,88.6,5.1,0
327121000,2026-08-26 13:00:00,26.68285,52.34647,18.4,69.7,74.0,MS MEGHNA,passenger,88.6,5.1,0
327121000,2026-08-26 13:10:00,26.70074,52.40004,18.6,70.7,71.0,MS MEGHNA,passenger,88.6,5.1,0
327121000,2026-08-26 13:20:00,26.71883,52.45424,18.2,70.3,72.0,MS MEGHNA,passenger,88.6,5.1,0
327121000,2026-08-26 13:30:00,26.73655,52.50731,18.3,69.1,73.0,MS MEGHNA,passenger,88.6,5.1,0
327121000,2026-08-26 13:40:00,26.75431,52.56051,18.7,68.7,69.0,MS MEGHNA,passenger,88.6,5.1,0
327121000,2026-08-26 13:50:00,26.77252,52.61506,18.4,70.0,68.0,MS MEGHNA,passenger,88.6,5.1,0
327121000,2026-08-26 14:00:00,26.79041,52.66867,18.8,69.9,71.0,MS MEGHNA,passenger,88.6,5.1,0
327121000,2026-08-26 14:10:00,26.77213,52.61396,18.8,249.0,249.0,MS MEGHNA,passenger,88.6,5.1,0
327121000,2026-08-26 14:20:00,26.75387,52.55934,18.0,249.3,245.0,MS MEGHNA,passenger,88.6,5.1,0
327121000,2026-08-26 14:30:00,26.73635,52.50693,18.5,249.9,249.0,MS MEGHNA,passenger,88.6,5.1,0
327121000,2026-08-26 14:40:00,26.71835,52.45306,18.3,250.3,246.0,MS MEGHNA,passenger,88.6,5.1,0
327121000,2026-08-26 14:50:00,26.70055,52.39982,18.4,250.2,244.0,MS MEGHNA,passenger,88.6,5.1,0
327121000,2026-08-26 15:00:00,26.68268,52.34637,18.5,247.8,249.0,MS MEGHNA,passenger,88.6,5.1,0
327121000,2026-08-26 15:10:00,26.66468,52.29258,18.0,250.9,246.0,MS MEGHNA,passenger,88.6,5.1,0
327121000,2026-08-26 15:20:00,26.64714,52.24014,17.9,249.6,248.0,MS MEGHNA,passenger,88.6,5.1,0
327121000,2026-08-26 15:30:00,26.62972,52.18806,17.9,250.0,244.0,MS MEGHNA,passenger,88.6,5.1,0
327121000,2026-08-26 15:40:00,26.61226,52.13589,18.1,248.9,252.0,MS MEGHNA,passenger,88.6,5.1,0
327121000,2026-08-26 15:50:00,26.59469,52.08338,18.6,250.6,249.0,MS MEGHNA,passenger,88.6,5.1,0
327121000,2026-08-26 16:00:00,26.57655,52.02919,17.7,249.9,254.0,MS MEGHNA,passenger,88.6,5.1,0
327121000,2026-08-26 16:10:00,26.55932,51.97771,18.6,250.0,246.0,MS MEGHNA,passenger,88.6,5.1,0
327121000,2026-08-26 16:20:00,26.54119,51.92357,18.2,251.4,245.0,MS MEGHNA,passenger,88.6,5.1,0
327121000,2026-08-26 16:30:00,26.5235,51.87073,18.0,250.4,248.0,MS MEGHNA,passenger,88.6,5.1,0
327121000,2026-08-26 16:40:00,26.50595,51.81834,18.0,251.0,251.0,MS MEGHNA,passenger,88.6,5.1,0
327121000,2026-08-26 16:50:00,26.48842,51.76599,18.2,248.3,256.0,MS MEGHNA,passenger,88.6,5.1,0
327121000,2026-08-26 17:00:00,26.47068,51.71306,18.3,250.9,252.0,MS MEGHNA,passenger,88.6,5.1,0
327121000,2026-08-26 17:10:00,26.45287,51.65988,18.2,249.0,254.0,MS MEGHNA,passenger,88.6,5.1,0
327121000,2026-08-26 17:20:00,26.43517,51.60707,18.7,247.6,251.0,MS MEGHNA,passenger,88.6,5.1,0
327121000,2026-08-26 17:30:00,26.41699,51.55283,18.3,248.5,250.0,MS MEGHNA,passenger,88.6,5.1,0
327121000,2026-08-26 17:40:00,26.39919,51.49975,18.0,249.0,247.0,MS MEGHNA,passenger,88.6,5.1,0
327121000,2026-08-26 17:50:00,26.3817,51.44757,18.2,249.4,246.0,MS MEGHNA,passenger,88.6,5.1,0
327121000,2026-08-26 18:00:00,26.364,51.39477,18.7,250.0,255.0,MS MEGHNA,passenger,88.6,5.1,0
327121000,2026-08-26 18:10:00,26.34579,51.34049,18.3,248.9,255.0,MS MEGHNA,passenger,88.6,5.1,0
327121000,2026-08-26 18:20:00,26.328,51.28746,18.2,249.3,252.0,MS MEGHNA,passenger,88.6,5.1,0
327121000,2026-08-26 18:30:00,26.31032,51.23475,18.0,250.2,251.0,MS MEGHNA,passenger,88.6,5.1,0
327121000,2026-08-26 18:40:00,26.2928,51.18253,18.6,250.4,253.0,MS MEGHNA,passenger,88.6,5.1,0
327121000,2026-08-26 18:50:00,26.27467,51.12849,18.3,248.6,256.0,MS MEGHNA,passenger,88.6,5.1,0
327121000,2026-08-26 19:30:00,26.20398,50.91793,18.7,249.7,252.0,MS MEGHNA,passenger,88.6,5.1,0
327121000,2026-08-26 19:40:00,26.18576,50.86368,17.8,249.0,244.0,MS MEGHNA,passenger,88.6,5.1,0
327121000,2026-08-26 19:50:00,26.16842,50.81206,18.5,247.9,246.0,MS MEGHNA,passenger,88.6,5.1,0
327121000,2026-08-26 20:00:00,26.15041,50.75844,18.4,250.6,249.0,MS MEGHNA,passenger,88.6,5.1,0
327121000,2026-08-26 20:10:00,26.13246,50.70502,18.5,250.0,249.0,MS MEGHNA,passenger,88.6,5.1,0
327121000,2026-08-26 20:20:00,26.1504,50.75849,18.0,70.1,71.0,MS MEGHNA,passenger,88.6,5.1,0
327121000,2026-08-26 20:30:00,26.16794,50.81076,18.5,69.8,66.0,MS MEGHNA,passenger,88.6,5.1,0
327121000,2026-08-26 20:40:00,26.18596,50.86448,18.5,69.5,68.0,MS MEGHNA,passenger,88.6,5.1,0
327121000,2026-08-26 20:50:00,26.20393,50.91806,18.2,68.8,72.0,MS MEGHNA,passenger,88.6,5.1,0
327121000,2026-08-26 21:00:00,26.22166,50.97094,18.0,68.5,69.0,MS MEGHNA,passenger,88.6,5.1,0
327121000,2026-08-26 21:10:00,26.23913,51.02301,18.7,70.5,65.0,MS MEGHNA,passenger,88.6,5.1,0
327121000,2026-08-26 21:20:00,26.25732,51.07728,18.7,70.8,66.0,MS MEGHNA,passenger,88.6,5.1,0
327121000,2026-08-26 21:30:00,26.27545,51.13138,17.7,69.4,73.0,MS MEGHNA,passenger,88.6,5.1,0
327121000,2026-08-26 21:40:00,26.29265,51.18267,18.7,68.6,75.0,MS MEGHNA,passenger,88.6,5.1,0
327121000,2026-08-26 21:50:00,26.31084,51.23696,17.8,69.1,68.0,MS MEGHNA,passenger,88.6,5.1,0
327121000,2026-08-26 22:00:00,26.3281,51.28848,18.6,70.8,72.0,MS MEGHNA,passenger,88.6,5.1,0
327121000,2026-08-26 22:10:00,26.34618,51.34246,18.0,70.4,71.0,MS MEGHNA,passenger,88.6,5.1,0
327121000,2026-08-26 22:20:00,26.36366,51.39463,17.9,67.4,73.0,MS MEGHNA,passenger,88.6,5.1,0
327121000,2026-08-26 22:30:00,26.38106,51.44658,18.3,68.2,69.0,MS MEGHNA,passenger,88.6,5.1,0
327121000,2026-08-26 22:40:00,26.39882,51.49962,18.4,69.4,65.0,MS MEGHNA,passenger,88.6,5.1,0
327121000,2026-08-26 22:50:00,26.41671,51.55307,18.8,70.5,68.0,MS MEGHNA,passenger,88.6,5.1,0
327121000,2026-08-26 23:00:00,26.43498,51.60762,18.2,69.9,66.0,MS MEGHNA,passenger,88.6,5.1,0
327121000,2026-08-26 23:10:00,26.45271,51.6606,18.4,68.2,69.0,MS MEGHNA,passenger,88.6,5.1,0
327121000,2026-08-26 23:20:00,26.47059,51.71404,18.0,68.4,74.0,MS MEGHNA,passenger,88.6,5.1,0
327121000,2026-08-26 23:30:00,26.48811,51.76641,18.3,69.7,63.0,MS MEGHNA,passenger,88.6,5.1,0
327121000,2026-08-26 23:40:00,26.50593,51.81967,18.2,70.0,70.0,MS MEGHNA,passenger,88.6,5.1,0
327121000,2026-08-26 23:50:00,26.52359,51.87246,17.8,69.7,71.0,MS MEGHNA,passenger,88.6,5.1,0
327121000,2026-08-27 00:00:00,26.54087,51.92413,18.6,68.8,63.0,MS MEGHNA,passenger,88.6,5.1,0
334200422,2026-08-26 00:00:00,26.68014,51.86248,12.0,102.4,106.0,MT TRIDENT,tanker,198.0,8.6,0
334200422,2026-08-26 00:10:00,26.67258,51.89882,12.6,103.3,107.0,MT TRIDENT,tanker,198.0,8.6,0
334200422,2026-08-26 00:20:00,26.66467,51.93688,12.3,102.5,103.0,MT TRIDENT,tanker,198.0,8.6,0
334200422,2026-08-26 00:30:00,26.65693,51.97409,11.7,102.9,101.0,MT TRIDENT,tanker,198.0,8.6,0
334200422,2026-08-26 00:40:00,26.64956,52.00956,11.9,102.3,102.0,MT TRIDENT,tanker,198.0,8.6,0
334200422,2026-08-26 00:50:00,26.64204,52.04568,12.2,103.0,97.0,MT TRIDENT,tanker,198.0,8.6,0
334200422,2026-08-26 01:00:00,26.63438,52.08251,11.9,101.6,104.0,MT TRIDENT,tanker,198.0,8.6,0
334200422,2026-08-26 01:10:00,26.62693,52.11837,12.2,103.3,101.0,MT TRIDENT,tanker,198.0,8.6,0
334200422,2026-08-26 01:20:00,26.61927,52.15518,12.1,102.6,100.0,MT TRIDENT,tanker,198.0,8.6,0
334200422,2026-08-26 01:30:00,26.61166,52.19178,12.2,103.9,106.0,MT TRIDENT,tanker,198.0,8.6,0
334200422,2026-08-26 01:40:00,26.60396,52.22876,11.9,104.3,102.0,MT TRIDENT,tanker,198.0,8.6,0
334200422,2026-08-26 01:50:00,26.59648,52.26472,12.2,102.6,102.0,MT TRIDENT,tanker,198.0,8.6,0
334200422,2026-08-26 02:00:00,26.58881,52.30162,11.4,102.8,103.0,MT TRIDENT,tanker,198.0,8.6,0
334200422,2026-08-26 02:10:00,26.58161,52.3362,11.9,104.8,100.0,MT TRIDENT,tanker,198.0,8.6,0
334200422,2026-08-26 02:20:00,26.5741,52.3723,11.9,102.2,101.0,MT TRIDENT,tanker,198.0,8.6,0
334200422,2026-08-26 02:30:00,26.56661,52.40828,12.3,104.6,101.0,MT TRIDENT,tanker,198.0,8.6,0
334200422,2026-08-26 02:40:00,26.55887,52.44546,11.9,101.9,107.0,MT TRIDENT,tanker,198.0,8.6,0
334200422,2026-08-26 02:50:00,26.55141,52.48132,12.3,103.0,99.0,MT TRIDENT,tanker,198.0,8.6,0
334200422,2026-08-26 03:00:00,26.54366,52.51857,11.7,103.3,105.0,MT TRIDENT,tanker,198.0,8.6,0
334200422,2026-08-26 03:10:00,26.53629,52.55397,11.5,102.8,108.0,MT TRIDENT,tanker,198.0,8.6,0
334200422,2026-08-26 03:20:00,26.52904,52.58881,12.0,104.6,105.0,MT TRIDENT,tanker,198.0,8.6,0
334200422,2026-08-26 03:30:00,26.5215,52.62503,11.8,102.8,103.0,MT TRIDENT,tanker,198.0,8.6,0
334200422,2026-08-26 03:40:00,26.51409,52.6606,11.8,102.1,108.0,MT TRIDENT,tanker,198.0,8.6,0
334200422,2026-08-26 03:50:00,26.50667,52.69627,11.8,104.2,102.0,MT TRIDENT,tanker,198.0,8.6,0
334200422,2026-08-26 04:00:00,26.51408,52.66062,12.0,283.7,281.0,MT TRIDENT,tanker,198.0,8.6,0
334200422,2026-08-26 04:10:00,26.52164,52.62425,12.2,281.0,284.0,MT TRIDENT,tanker,198.0,8.6,0
334200422,2026-08-26 04:20:00,26.5293,52.58743,11.4,282.9,286.0,MT TRIDENT,tanker,198.0,8.6,0
334200422,2026-08-26 04:30:00,26.53648,52.55289,12.2,281.8,280.0,MT TRIDENT,tanker,198.0,8.6,0
334200422,2026-08-26 04:40:00,26.54414,52.51603,11.9,283.3,277.0,MT TRIDENT,tanker,198.0,8.6,0
334200422,2026-08-26 04:50:00,26.5516,52.48014,12.0,283.4,282.0,MT TRIDENT,tanker,198.0,8.6,0
334200422,2026-08-26 05:00:00,26.55916,52.44375,12.2,283.3,281.0,MT TRIDENT,tanker,198.0,8.6,0
334200422,2026-08-26 05:10:00,26.56681,52.40695,11.6,283.2,280.0,MT TRIDENT,tanker,198.0,8.6,0
334200422,2026-08-26 05:20:00,26.57408,52.372,11.9,283.6,287.0,MT TRIDENT,tanker,198.0,8.6,0
334200422,2026-08-26 05:30:00,26.58155,52.33603,12.0,283.6,279.0,MT TRIDENT,tanker,198.0,8.6,0
334200422,2026-08-26 05:40:00,26.58911,52.29965,12.1,283.0,287.0,MT TRIDENT,tanker,198.0,8.6,0
334200422,2026-08-26 05:50:00,26.59672,52.26304,11.9,282.8,286.0,MT TRIDENT,tanker,198.0,8.6,0
334200422,2026-08-26 06:00:00,26.6042,52.22704,12.0,282.0,291.0,MT TRIDENT,tanker,198.0,8.6,0
334200422,2026-08-26 06:10:00,26.61175,52.19069,11.8,283.0,284.0,MT TRIDENT,tanker,198.0,8.6,0
334200422,2026-08-26 06:20:00,26.61915,52.15508,12.1,282.9,283.0,MT TRIDENT,tanker,198.0,8.6,0
334200422,2026-08-26 06:30:00,26.62676,52.11845,12.0,282.0,290.0,MT TRIDENT,tanker,198.0,8.6,0
334200422,2026-08-26 06:40:00,26.63429,52.0822,12.0,283.7,282.0,MT TRIDENT,tanker,198.0,8.6,0
334200422,2026-08-26 06:50:00,26.64182,52.04594,12.0,282.6,278.0,MT TRIDENT,tanker,198.0,8.6,0
334200422,2026-08-26 07:00:00,26.64933,52.00977,12.0,282.7,287.0,MT TRIDENT,tanker,198.0,8.6,0
334200422,2026-08-26 07:10:00,26.65687,51.97346,11.7,282.5,280.0,MT TRIDENT,tanker,198.0,8.6,0
334200422,2026-08-26 07:20:00,26.66425,51.93793,12.4,282.2,285.0,MT TRIDENT,tanker,198.0,8.6,0
334200422,2026-08-26 07:30:00,26.67204,51.9004,12.3,282.9,279.0,MT TRIDENT,tanker,198.0,8.6,0
334200422,2026-08-26 07:40:00,26.67976,51.86322,11.7,283.9,279.0,MT TRIDENT,tanker,198.0,8.6,0
334200422,2026-08-26 07:50:00,26.68711,51.82781,12.1,283.2,284.0,MT TRIDENT,tanker,198.0,8.6,0
334200422,2026-08-26 08:00:00,26.69474,51.79107,12.2,282.2,280.0,MT TRIDENT,tanker,198.0,8.6,0
334200422,2026-08-26 08:10:00,26.70238,51.75426,12.2,282.5,275.0,MT TRIDENT,tanker,198.0,8.6,0
334200422,2026-08-26 08:20:00,26.71006,51.71727,12.2,282.1,284.0,MT TRIDENT,tanker,198.0,8.6,0
334200422,2026-08-26 08:30:00,26.71773,51.68032,12.4,283.1,286.0,MT TRIDENT,tanker,198.0,8.6,0
334200422,2026-08-26 08:40:00,26.72551,51.64281,12.1,284.7,280.0,MT TRIDENT,tanker,198.0,8.6,0
334200422,2026-08-26 08:50:00,26.7331,51.60624,12.0,283.8,283.0,MT TRIDENT,tanker,198.0,8.6,0
334200422,2026-08-26 09:00:00,26.74067,51.56978,12.3,282.7,289.0,MT TRIDENT,tanker,198.0,8.6,0
334200422,2026-08-26 09:10:00,26.74842,51.53245,12.6,283.4,285.0,MT TRIDENT,tanker,198.0,8.6,0
334200422,2026-08-26 09:20:00,26.75632,51.49437,12.3,281.9,279.0,MT TRIDENT,tanker,198.0,8.6,0
334200422,2026-08-26 09:30:00,26.76407,51.457,12.4,283.4,282.0,MT TRIDENT,tanker,198.0,8.6,0
334200422,2026-08-26 09:40:00,26.77183,51.41958,12.0,280.7,283.0,MT TRIDENT,tanker,198.0,8.6,0
334200422,2026-08-26 09:50:00,26.7794,51.3831,11.9,284.0,286.0,MT TRIDENT,tanker,198.0,8.6,0
334200422,2026-08-26 10:00:00,26.78685,51.34719,12.2,283.5,279.0,MT TRIDENT,tanker,198.0,8.6,0
334200422,2026-08-26 10:10:00,26.79451,51.31028,12.2,283.7,287.0,MT TRIDENT,tanker,198.0,8.6,0
334200422,2026-08-26 10:20:00,26.80216,51.27335,12.6,281.4,282.0,MT TRIDENT,tanker,198.0,8.6,0
334200422,2026-08-26 10:30:00,26.81006,51.23526,11.9,283.3,283.0,MT TRIDENT,tanker,198.0,8.6,0
334200422,2026-08-26 10:40:00,26.81751,51.19934,12.0,284.1,280.0,MT TRIDENT,tanker,198.0,8.6,0
334200422,2026-08-26 10:50:00,26.82504,51.16303,11.8,282.1,282.0,MT TRIDENT,tanker,198.0,8.6,0
334200422,2026-08-26 11:00:00,26.83245,51.12732,11.7,283.0,283.0,MT TRIDENT,tanker,198.0,8.6,0
334200422,2026-08-26 11:10:00,26.83982,51.09176,11.8,284.0,283.0,MT TRIDENT,tanker,198.0,8.6,0
334200422,2026-08-26 11:20:00,26.84726,51.05586,12.3,282.9,283.0,MT TRIDENT,tanker,198.0,8.6,0
334200422,2026-08-26 11:30:00,26.855,51.01856,11.9,283.1,285.0,MT TRIDENT,tanker,198.0,8.6,0
334200422,2026-08-26 11:40:00,26.86247,50.98248,11.9,283.6,281.0,MT TRIDENT,tanker,198.0,8.6,0
334200422,2026-08-26 11:50:00,26.86998,50.94629,12.2,282.5,286.0,MT TRIDENT,tanker,198.0,8.6,0
334200422,2026-08-26 12:00:00,26.87766,50.90921,12.1,284.6,280.0,MT TRIDENT,tanker,198.0,8.6,0
334200422,2026-08-26 12:10:00,26.88524,50.87266,11.7,282.5,279.0,MT TRIDENT,tanker,198.0,8.6,0
334200422,2026-08-26 12:20:00,26.89257,50.83727,11.7,283.7,283.0,MT TRIDENT,tanker,198.0,8.6,0
334200422,2026-08-26 12:30:00,26.89992,50.8018,11.9,282.7,281.0,MT TRIDENT,tanker,198.0,8.6,0
334200422,2026-08-26 12:40:00,26.90741,50.76565,12.5,282.4,279.0,MT TRIDENT,tanker,198.0,8.6,0
334200422,2026-08-26 12:50:00,26.91524,50.72788,12.2,282.9,289.0,MT TRIDENT,tanker,198.0,8.6,0
334200422,2026-08-26 13:00:00,26.90754,50.765,11.9,103.9,106.0,MT TRIDENT,tanker,198.0,8.6,0
334200422,2026-08-26 13:10:00,26.90004,50.80111,11.9,102.3,105.0,MT TRIDENT,tanker,198.0,8.6,0
334200422,2026-08-26 13:20:00,26.89255,50.83723,12.2,101.7,100.0,MT TRIDENT,tanker,198.0,8.6,0
334200422,2026-08-26 13:30:00,26.88488,50.87417,11.4,103.7,102.0,MT TRIDENT,tanker,198.0,8.6,0
334200422,2026-08-26 13:40:00,26.87771,50.90876,12.0,101.4,100.0,MT TRIDENT,tanker,198.0,8.6,0
334200422,2026-08-26 13:50:00,26.87016,50.94514,11.9,102.4,103.0,MT TRIDENT,tanker,198.0,8.6,0
334200422,2026-08-26 14:00:00,26.86266,50.98127,12.2,105.4,103.0,MT TRIDENT,tanker,198.0,8.6,0
334200422,2026-08-26 14:10:00,26.85499,51.01821,12.3,102.3,98.0,MT TRIDENT,tanker,198.0,8.6,0
334200422,2026-08-26 14:20:00,26.84724,51.05555,12.0,101.5,103.0,MT TRIDENT,tanker,198.0,8.6,0
334200422,2026-08-26 14:30:00,26.83972,51.09178,11.8,101.1,108.0,MT TRIDENT,tanker,198.0,8.6,0
334200422,2026-08-26 14:40:00,26.83226,51.12768,11.9,101.5,106.0,MT TRIDENT,tanker,198.0,8.6,0
334200422,2026-08-26 14:50:00,26.82477,51.16376,11.9,104.2,101.0,MT TRIDENT,tanker,198.0,8.6,0
334200422,2026-08-26 15:00:00,26.81731,51.1997,11.9,103.4,105.0,MT TRIDENT,tanker,198.0,8.6,0
334200422,2026-08-26 15:10:00,26.80982,51.23577,12.2,103.0,105.0,MT TRIDENT,tanker,198.0,8.6,0
334200422,2026-08-26 15:20:00,26.80212,51.27283,12.2,103.3,103.0,MT TRIDENT,tanker,198.0,8.6,0
334200422,2026-08-26 15:30:00,26.79443,51.30988,11.7,103.7,103.0,MT TRIDENT,tanker,198.0,8.6,0
334200422,2026-08-26 15:40:00,26.78708,51.34526,11.9,104.4,99.0,MT TRIDENT,tanker,198.0,8.6,0
334200422,2026-08-26 15:50:00,26.77957,51.38142,12.5,103.1,104.0,MT TRIDENT,tanker,198.0,8.6,0
334200422,2026-08-26 16:00:00,26.77174,51.41913,11.9,101.4,103.0,MT TRIDENT,tanker,198.0,8.6,0
334200422,2026-08-26 16:10:00,26.76422,51.4553,12.1,74.7,73.0,MT TRIDENT,tanker,198.0,8.6,0
334200422,2026-08-26 16:20:00,26.77348,51.49155,11.5,72.5,80.0,MT TRIDENT,tanker,198.0,8.6,0
334200422,2026-08-26 16:30:00,26.78226,51.52592,11.8,75.5,71.0,MT TRIDENT,tanker,198.0,8.6,0
334200422,2026-08-26 16:40:00,26.79125,51.5611,12.0,74.7,72.0,MT TRIDENT,tanker,198.0,8.6,0
334200422,2026-08-26 16:50:00,26.80041,51.59698,12.4,74.1,75.0,MT TRIDENT,tanker,198.0,8.6,0
334200422,2026-08-26 17:00:00,26.80991,51.63418,12.0,74.7,79.0,MT TRIDENT,tanker,198.0,8.6,0
334200422,2026-08-26 17:10:00,26.81905,51.66999,12.0,75.8,72.0,MT TRIDENT,tanker,198.0,8.6,0
334200422,2026-08-26 17:20:00,26.82822,51.70591,12.2,74.5,71.0,MT TRIDENT,tanker,198.0,8.6,0
334200422,2026-08-26 17:30:00,26.83757,51.7425,12.1,74.0,71.0,MT TRIDENT,tanker,198.0,8.6,0
334200422,2026-08-26 17:40:00,26.8468,51.77868,12.1,74.2,74.0,MT TRIDENT,tanker,198.0,8.6,0
334200422,2026-08-26 17:50:00,26.85607,51.81497,12.0,73.9,73.0,MT TRIDENT,tanker,198.0,8.6,0
334200422,2026-08-26 18:00:00,26.86525,51.85095,12.1,73.4,82.0,MT TRIDENT,tanker,198.0,8.6,0
334200422,2026-08-26 18:10:00,26.87447,51.88709,11.7,73.4,73.0,MT TRIDENT,tanker,198.0,8.6,0
334200422,2026-08-26 18:20:00,26.8834,51.92207,12.6,72.7,75.0,MT TRIDENT,tanker,198.0,8.6,0
334200422,2026-08-26 18:30:00,26.89298,51.95963,12.1,74.4,78.0,MT TRIDENT,tanker,198.0,8.6,0
334200422,2026-08-26 18:40:00,26.90223,51.99585,12.3,73.6,75.0,MT TRIDENT,tanker,198.0,8.6,0
334200422,2026-08-26 18:50:00,26.91165,52.03281,11.6,74.1,72.0,MT TRIDENT,tanker,198.0,8.6,0
334200422,2026-08-26 19:00:00,26.92049,52.06746,12.0,72.3,75.0,MT TRIDENT,tanker,198.0,8.6,0
334200422,2026-08-26 19:10:00,26.92965,52.10337,11.6,74.2,70.0,MT TRIDENT,tanker,198.0,8.6,0
334200422,2026-08-26 19:20:00,26.93853,52.13815,11.8,75.2,76.0,MT TRIDENT,tanker,198.0,8.6,0
334200422,2026-08-26 19:30:00,26.94756,52.17357,12.3,75.6,72.0,MT TRIDENT,tanker,198.0,8.6,0
334200422,2026-08-26 19:40:00,26.95697,52.21048,12.4,72.6,76.0,MT TRIDENT,tanker,198.0,8.6,0
334200422,2026-08-26 19:50:00,26.96646,52.24767,11.9,73.1,76.0,MT TRIDENT,tanker,198.0,8.6,0
334200422,2026-08-26 20:00:00,26.97556,52.28336,12.3,74.9,75.0,MT TRIDENT,tanker,198.0,8.6,0
334200422,2026-08-26 20:10:00,26.98493,52.32014,12.1,74.6,75.0,MT TRIDENT,tanker,198.0,8.6,0
334200422,2026-08-26 20:20:00,26.99415,52.3563,12.2,74.2,77.0,MT TRIDENT,tanker,198.0,8.6,0
334200422,2026-08-26 20:30:00,27.00345,52.39278,11.6,73.9,70.0,MT TRIDENT,tanker,198.0,8.6,0
334200422,2026-08-26 20:40:00,27.01234,52.42764,12.1,75.7,73.0,MT TRIDENT,tanker,198.0,8.6,0
334200422,2026-08-26 20:50:00,27.02159,52.46392,12.1,74.8,68.0,MT TRIDENT,tanker,198.0,8.6,0
334200422,2026-08-26 21:00:00,27.03081,52.5001,11.9,74.4,65.0,MT TRIDENT,tanker,198.0,8.6,0
334200422,2026-08-26 21:10:00,27.0399,52.53579,11.8,75.1,77.0,MT TRIDENT,tanker,198.0,8.6,0
334200422,2026-08-26 21:20:00,27.04891,52.57115,12.1,74.9,75.0,MT TRIDENT,tanker,198.0,8.6,0
334200422,2026-08-26 21:30:00,27.05818,52.60752,12.2,73.7,74.0,MT TRIDENT,tanker,198.0,8.6,0
334200422,2026-08-26 21:40:00,27.06748,52.64403,11.9,75.3,79.0,MT TRIDENT,tanker,198.0,8.6,0
334200422,2026-08-26 21:50:00,27.07656,52.67965,12.4,73.6,71.0,MT TRIDENT,tanker,198.0,8.6,0
334200422,2026-08-26 22:00:00,27.06709,52.64252,12.4,254.6,255.0,MT TRIDENT,tanker,198.0,8.6,0
334200422,2026-08-26 22:10:00,27.05764,52.60548,11.9,254.5,251.0,MT TRIDENT,tanker,198.0,8.6,0
334200422,2026-08-26 22:20:00,27.04855,52.56986,12.2,255.4,259.0,MT TRIDENT,tanker,198.0,8.6,0
334200422,2026-08-26 22:30:00,27.03923,52.5333,12.2,252.6,255.0,MT TRIDENT,tanker,198.0,8.6,0
334200422,2026-08-26 22:40:00,27.02989,52.49669,12.6,253.2,254.0,MT TRIDENT,tanker,198.0,8.6,0
334200422,2026-08-26 22:50:00,27.02027,52.45901,12.4,254.6,261.0,MT TRIDENT,tanker,198.0,8.6,0
334200422,2026-08-26 23:00:00,27.0108,52.42188,11.9,253.0,258.0,MT TRIDENT,tanker,198.0,8.6,0
334200422,2026-08-26 23:10:00,27.00173,52.38636,11.7,253.8,254.0,MT TRIDENT,tanker,198.0,8.6,0
334200422,2026-08-26 23:20:00,26.99276,52.35118,12.3,254.6,255.0,MT TRIDENT,tanker,198.0,8.6,0
334200422,2026-08-26 23:30:00,26.98336,52.31434,11.9,255.2,266.0,MT TRIDENT,tanker,198.0,8.6,0
334200422,2026-08-26 23:40:00,26.97423,52.27858,12.2,254.1,250.0,MT TRIDENT,tanker,198.0,8.6,0
334200422,2026-08-26 23:50:00,26.96489,52.242,11.9,253.8,252.0,MT TRIDENT,tanker,198.0,8.6,0
334200422,2026-08-27 00:00:00,26.95581,52.20642,12.0,255.8,258.0,MT TRIDENT,tanker,198.0,8.6,0
356553108,2026-08-26 00:00:00,26.39464,51.53281,0.0,305.0,304.0,MT MERIDIAN,tanker,178.1,10.1,1
356553108,2026-08-26 00:10:00,26.39464,51.53281,0.1,302.5,304.0,MT MERIDIAN,tanker,178.1,10.1,1
356553108,2026-08-26 00:20:00,26.39483,51.53249,0.0,304.8,312.0,MT MERIDIAN,tanker,178.1,10.1,1
356553108,2026-08-26 00:30:00,26.39483,51.53249,0.2,302.9,296.0,MT MERIDIAN,tanker,178.1,10.1,1
356553108,2026-08-26 00:40:00,26.39517,51.53191,0.0,305.1,300.0,MT MERIDIAN,tanker,178.1,10.1,1
356553108,2026-08-26 00:50:00,26.39517,51.53191,0.0,304.2,308.0,MT MERIDIAN,tanker,178.1,10.1,1
356553108,2026-08-26 01:00:00,26.39518,51.5319,0.1,303.2,304.0,MT MERIDIAN,tanker,178.1,10.1,1
356553108,2026-08-26 01:10:00,26.39526,51.53177,0.0,303.0,305.0,MT MERIDIAN,tanker,178.1,10.1,1
356553108,2026-08-26 01:20:00,26.39526,51.53177,0.1,305.7,305.0,MT MERIDIAN,tanker,178.1,10.1,1
356553108,2026-08-26 01:30:00,26.39548,51.53139,0.4,302.5,305.0,MT MERIDIAN,tanker,178.1,10.1,1
356553108,2026-08-26 01:40:00,26.39608,51.53039,0.0,304.0,306.0,MT MERIDIAN,tanker,178.1,10.1,1
356553108,2026-08-26 01:50:00,26.39608,51.53039,0.1,306.0,308.0,MT MERIDIAN,tanker,178.1,10.1,1
356553108,2026-08-26 02:00:00,26.39625,51.5301,0.4,304.3,309.0,MT MERIDIAN,tanker,178.1,10.1,1
356553108,2026-08-26 02:10:00,26.39686,51.52908,0.0,304.9,301.0,MT MERIDIAN,tanker,178.1,10.1,1
356553108,2026-08-26 02:20:00,26.39686,51.52908,0.0,304.1,307.0,MT MERIDIAN,tanker,178.1,10.1,1
356553108,2026-08-26 02:30:00,26.39686,51.52908,0.0,303.1,304.0,MT MERIDIAN,tanker,178.1,10.1,1
356553108,2026-08-26 02:40:00,26.39686,51.52908,0.1,304.4,314.0,MT MERIDIAN,tanker,178.1,10.1,1
356553108,2026-08-26 02:50:00,26.39694,51.52894,0.2,302.8,300.0,MT MERIDIAN,tanker,178.1,10.1,1
356553108,2026-08-26 03:00:00,26.39725,51.52841,0.0,302.6,305.0,MT MERIDIAN,tanker,178.1,10.1,1
356553108,2026-08-26 03:10:00,26.39728,51.52836,0.2,303.1,310.0,MT MERIDIAN,tanker,178.1,10.1,1
356553108,2026-08-26 03:20:00,26.39761,51.52781,0.0,303.5,305.0,MT MERIDIAN,tanker,178.1,10.1,1
356553108,2026-08-26 03:30:00,26.39761,51.52781,0.3,304.8,305.0,MT MERIDIAN,tanker,178.1,10.1,1
356553108,2026-08-26 03:40:00,26.39811,51.52698,0.4,302.9,306.0,MT MERIDIAN,tanker,178.1,10.1,1
356553108,2026-08-26 03:50:00,26.39866,51.52604,0.3,305.1,299.0,MT MERIDIAN,tanker,178.1,10.1,1
356553108,2026-08-26 04:00:00,26.39916,51.5252,0.0,304.4,296.0,MT MERIDIAN,tanker,178.1,10.1,1
356553108,2026-08-26 04:10:00,26.39916,51.5252,0.2,304.6,302.0,MT MERIDIAN,tanker,178.1,10.1,1
356553108,2026-08-26 04:20:00,26.39951,51.52463,0.0,302.5,302.0,MT MERIDIAN,tanker,178.1,10.1,1
356553108,2026-08-26 04:30:00,26.39951,51.52463,0.0,302.9,301.0,MT MERIDIAN,tanker,178.1,10.1,1
356553108,2026-08-26 04:40:00,26.39951,51.52463,0.0,303.3,309.0,MT MERIDIAN,tanker,178.1,10.1,1
356553108,2026-08-26 04:50:00,26.39955,51.52454,0.0,303.9,302.0,MT MERIDIAN,tanker,178.1,10.1,1
356553108,2026-08-26 05:00:00,26.39956,51.52454,0.0,301.9,299.0,MT MERIDIAN,tanker,178.1,10.1,1
356553108,2026-08-26 05:10:00,26.39956,51.52454,0.0,303.8,307.0,MT MERIDIAN,tanker,178.1,10.1,1
356553108,2026-08-26 05:20:00,26.39956,51.52454,0.0,303.0,299.0,MT MERIDIAN,tanker,178.1,10.1,1
356553108,2026-08-26 05:30:00,26.39956,51.52454,0.0,304.6,302.0,MT MERIDIAN,tanker,178.1,10.1,1
356553108,2026-08-26 05:40:00,26.39961,51.52445,0.1,305.0,305.0,MT MERIDIAN,tanker,178.1,10.1,1
356553108,2026-08-26 05:50:00,26.39974,51.52422,0.0,303.7,301.0,MT MERIDIAN,tanker,178.1,10.1,1
356553108,2026-08-26 06:00:00,26.39974,51.52422,0.2,304.1,299.0,MT MERIDIAN,tanker,178.1,10.1,1
356553108,2026-08-26 06:10:00,26.40006,51.52369,0.1,303.5,305.0,MT MERIDIAN,tanker,178.1,10.1,1
356553108,2026-08-26 06:20:00,26.40028,51.52332,0.3,304.0,303.0,MT MERIDIAN,tanker,178.1,10.1,1
356553108,2026-08-26 06:30:00,26.40075,51.52253,0.3,302.7,300.0,MT MERIDIAN,tanker,178.1,10.1,1
356553108,2026-08-26 06:40:00,26.40126,51.52167,0.0,303.5,301.0,MT MERIDIAN,tanker,178.1,10.1,1
356553108,2026-08-26 06:50:00,26.40126,51.52167,0.2,301.6,302.0,MT MERIDIAN,tanker,178.1,10.1,1
356553108,2026-08-26 07:00:00,26.40157,51.52115,0.2,302.5,305.0,MT MERIDIAN,tanker,178.1,10.1,1
356553108,2026-08-26 07:10:00,26.4019,51.52059,0.0,303.5,305.0,MT MERIDIAN,tanker,178.1,10.1,1
356553108,2026-08-26 07:20:00,26.4019,51.52059,0.3,303.7,301.0,MT MERIDIAN,tanker,178.1,10.1,1
356553108,2026-08-26 07:30:00,26.40242,51.51972,0.0,304.2,301.0,MT MERIDIAN,tanker,178.1,10.1,1
356553108,2026-08-26 07:40:00,26.40242,51.51972,0.1,303.2,303.0,MT MERIDIAN,tanker,178.1,10.1,1
356553108,2026-08-26 07:50:00,26.40251,51.51957,0.0,301.7,305.0,MT MERIDIAN,tanker,178.1,10.1,1
356553108,2026-08-26 08:00:00,26.40251,51.51957,0.3,301.8,305.0,MT MERIDIAN,tanker,178.1,10.1,1
356553108,2026-08-26 08:10:00,26.40303,51.51869,0.4,304.2,302.0,MT MERIDIAN,tanker,178.1,10.1,1
356553108,2026-08-26 08:20:00,26.4036,51.51774,0.0,303.7,304.0,MT MERIDIAN,tanker,178.1,10.1,1
356553108,2026-08-26 08:30:00,26.4036,51.51774,0.1,303.4,300.0,MT MERIDIAN,tanker,178.1,10.1,1
356553108,2026-08-26 08:40:00,26.40379,51.51741,0.2,304.0,304.0,MT MERIDIAN,tanker,178.1,10.1,1
356553108,2026-08-26 08:50:00,26.40411,51.51688,0.1,305.3,302.0,MT MERIDIAN,tanker,178.1,10.1,1
356553108,2026-08-26 09:00:00,26.4043,51.51655,0.4,302.8,307.0,MT MERIDIAN,tanker,178.1,10.1,1
356553108,2026-08-26 09:10:00,26.40495,51.51547,0.4,303.3,309.0,MT MERIDIAN,tanker,178.1,10.1,1
356553108,2026-08-26 09:20:00,26.40558,51.51441,0.2,302.7,302.0,MT MERIDIAN,tanker,178.1,10.1,1
356553108,2026-08-26 09:30:00,26.40591,51.51385,0.4,304.5,300.0,MT MERIDIAN,tanker,178.1,10.1,1
356553108,2026-08-26 09:40:00,26.4065,51.51286,0.1,303.8,302.0,MT MERIDIAN,tanker,178.1,10.1,1
356553108,2026-08-26 09:50:00,26.4066,51.5127,0.7,303.8,303.0,MT MERIDIAN,tanker,178.1,10.1,1
356553108,2026-08-26 10:00:00,26.40766,51.51091,0.4,303.2,307.0,MT MERIDIAN,tanker,178.1,10.1,1
356553108,2026-08-26 10:10:00,26.40827,51.50989,0.0,303.1,307.0,MT MERIDIAN,tanker,178.1,10.1,1
356553108,2026-08-26 10:20:00,26.40827,51.50989,0.5,302.8,301.0,MT MERIDIAN,tanker,178.1,10.1,1
356553108,2026-08-26 10:30:00,26.40902,51.50862,0.2,302.9,303.0,MT MERIDIAN,tanker,178.1,10.1,1
356553108,2026-08-26 10:40:00,26.40939,51.50799,0.3,303.0,298.0,MT MERIDIAN,tanker,178.1,10.1,1
356553108,2026-08-26 10:50:00,26.40988,51.50717,0.0,303.6,298.0,MT MERIDIAN,tanker,178.1,10.1,1
356553108,2026-08-26 11:00:00,26.40988,51.50717,0.0,302.2,308.0,MT MERIDIAN,tanker,178.1,10.1,1
356553108,2026-08-26 11:10:00,26.40992,51.5071,0.6,302.5,304.0,MT MERIDIAN,tanker,178.1,10.1,1
356553108,2026-08-26 11:20:00,26.41091,51.50544,0.0,303.3,309.0,MT MERIDIAN,tanker,178.1,10.1,1
356553108,2026-08-26 11:30:00,26.41091,51.50544,0.0,303.3,301.0,MT MERIDIAN,tanker,178.1,10.1,1
356553108,2026-08-26 11:40:00,26.41091,51.50544,0.4,300.3,302.0,MT MERIDIAN,tanker,178.1,10.1,1
356553108,2026-08-26 11:50:00,26.4115,51.50445,0.1,302.9,306.0,MT MERIDIAN,tanker,178.1,10.1,1
356553108,2026-08-26 12:00:00,26.41164,51.50422,0.4,302.2,310.0,MT MERIDIAN,tanker,178.1,10.1,1
356553108,2026-08-26 12:10:00,26.41225,51.50318,0.0,304.9,304.0,MT MERIDIAN,tanker,178.1,10.1,1
356553108,2026-08-26 12:20:00,26.41225,51.50318,0.0,303.2,303.0,MT MERIDIAN,tanker,178.1,10.1,1
356553108,2026-08-26 12:30:00,26.41225,51.50318,0.2,302.7,303.0,MT MERIDIAN,tanker,178.1,10.1,1
356553108,2026-08-26 12:40:00,26.41248,51.50279,0.0,302.4,301.0,MT MERIDIAN,tanker,178.1,10.1,1
356553108,2026-08-26 12:50:00,26.41248,51.50279,0.0,303.2,305.0,MT MERIDIAN,tanker,178.1,10.1,1
356553108,2026-08-26 13:00:00,26.41248,51.50279,0.1,305.5,297.0,MT MERIDIAN,tanker,178.1,10.1,1
356553108,2026-08-26 13:10:00,26.41268,51.50245,0.2,303.6,306.0,MT MERIDIAN,tanker,178.1,10.1,1
356553108,2026-08-26 13:20:00,26.41302,51.50189,0.3,303.4,304.0,MT MERIDIAN,tanker,178.1,10.1,1
356553108,2026-08-26 13:30:00,26.41345,51.50117,0.0,304.2,298.0,MT MERIDIAN,tanker,178.1,10.1,1
356553108,2026-08-26 13:40:00,26.41345,51.50117,0.3,303.5,302.0,MT MERIDIAN,tanker,178.1,10.1,1
356553108,2026-08-26 13:50:00,26.4139,51.50041,0.0,303.4,307.0,MT MERIDIAN,tanker,178.1,10.1,1
356553108,2026-08-26 14:00:00,26.41396,51.5003,0.9,304.8,302.0,MT MERIDIAN,tanker,178.1,10.1,1
356553108,2026-08-26 14:10:00,26.41536,51.49796,0.3,304.2,301.0,MT MERIDIAN,tanker,178.1,10.1,1
356553108,2026-08-26 14:20:00,26.41575,51.49729,0.0,303.5,306.0,MT MERIDIAN,tanker,178.1,10.1,1
356553108,2026-08-26 14:30:00,26.41575,51.49729,0.0,302.9,305.0,MT MERIDIAN,tanker,178.1,10.1,1
356553108,2026-08-26 14:40:00,26.41575,51.49729,0.1,305.0,299.0,MT MERIDIAN,tanker,178.1,10.1,1
356553108,2026-08-26 14:50:00,26.41592,51.49701,0.7,302.0,297.0,MT MERIDIAN,tanker,178.1,10.1,1
356553108,2026-08-26 15:00:00,26.41698,51.49523,0.1,302.4,303.0,MT MERIDIAN,tanker,178.1,10.1,1
356553108,2026-08-26 15:10:00,26.41711,51.49501,0.1,303.4,301.0,MT MERIDIAN,tanker,178.1,10.1,1
356553108,2026-08-26 15:20:00,26.41723,51.4948,0.2,303.3,307.0,MT MERIDIAN,tanker,178.1,10.1,1
356553108,2026-08-26 15:30:00,26.41755,51.49426,0.1,302.6,299.0,MT MERIDIAN,tanker,178.1,10.1,1
356553108,2026-08-26 15:40:00,26.41764,51.49412,0.1,302.3,300.0,MT MERIDIAN,tanker,178.1,10.1,1
356553108,2026-08-26 15:50:00,26.41772,51.49397,0.2,301.8,308.0,MT MERIDIAN,tanker,178.1,10.1,1
356553108,2026-08-26 16:00:00,26.41808,51.49338,0.1,303.5,300.0,MT MERIDIAN,tanker,178.1,10.1,1
356553108,2026-08-26 16:10:00,26.4183,51.49301,0.3,303.6,302.0,MT MERIDIAN,tanker,178.1,10.1,1
356553108,2026-08-26 16:20:00,26.41874,51.49226,0.1,301.9,299.0,MT MERIDIAN,tanker,178.1,10.1,1
356553108,2026-08-26 16:30:00,26.41897,51.49188,0.0,303.9,304.0,MT MERIDIAN,tanker,178.1,10.1,1
356553108,2026-08-26 16:40:00,26.41897,51.49188,0.4,302.7,305.0,MT MERIDIAN,tanker,178.1,10.1,1
356553108,2026-08-26 16:50:00,26.41953,51.49094,0.1,302.6,305.0,MT MERIDIAN,tanker,178.1,10.1,1
356553108,2026-08-26 17:00:00,26.41964,51.49075,0.1,302.9,304.0,MT MERIDIAN,tanker,178.1,10.1,1
356553108,2026-08-26 17:10:00,26.41977,51.49054,0.1,303.4,302.0,MT MERIDIAN,tanker,178.1,10.1,1
356553108,2026-08-26 17:20:00,26.41987,51.49036,0.0,303.6,301.0,MT MERIDIAN,tanker,178.1,10.1,1
356553108,2026-08-26 17:30:00,26.41987,51.49036,0.0,303.3,306.0,MT MERIDIAN,tanker,178.1,10.1,1
356553108,2026-08-26 17:40:00,26.41987,51.49036,0.1,303.0,302.0,MT MERIDIAN,tanker,178.1,10.1,1
356553108,2026-08-26 17:50:00,26.42009,51.48999,0.3,301.2,306.0,MT MERIDIAN,tanker,178.1,10.1,1
356553108,2026-08-26 18:00:00,26.42049,51.48932,0.0,302.2,302.0,MT MERIDIAN,tanker,178.1,10.1,1
356553108,2026-08-26 18:10:00,26.42049,51.48932,0.6,305.2,306.0,MT MERIDIAN,tanker,178.1,10.1,1
356553108,2026-08-26 18:20:00,26.42148,51.48766,0.2,301.7,304.0,MT MERIDIAN,tanker,178.1,10.1,1
356553108,2026-08-26 18:30:00,26.42177,51.48717,0.0,302.8,304.0,MT MERIDIAN,tanker,178.1,10.1,1
356553108,2026-08-26 18:40:00,26.42177,51.48717,0.0,304.4,298.0,MT MERIDIAN,tanker,178.1,10.1,1
356553108,2026-08-26 18:50:00,26.42177,51.48717,0.1,302.7,302.0,MT MERIDIAN,tanker,178.1,10.1,1
356553108,2026-08-26 19:00:00,26.42195,51.48686,0.2,302.5,304.0,MT MERIDIAN,tanker,178.1,10.1,1
356553108,2026-08-26 19:10:00,26.42222,51.48641,0.0,302.9,302.0,MT MERIDIAN,tanker,178.1,10.1,1
356553108,2026-08-26 19:20:00,26.42229,51.48629,0.1,302.8,304.0,MT MERIDIAN,tanker,178.1,10.1,1
356553108,2026-08-26 19:30:00,26.42239,51.48613,0.0,303.0,308.0,MT MERIDIAN,tanker,178.1,10.1,1
356553108,2026-08-26 19:40:00,26.42243,51.48605,0.2,303.2,304.0,MT MERIDIAN,tanker,178.1,10.1,1
356553108,2026-08-26 19:50:00,26.42275,51.48552,0.0,303.1,303.0,MT MERIDIAN,tanker,178.1,10.1,1
356553108,2026-08-26 20:00:00,26.42275,51.48552,0.0,304.0,302.0,MT MERIDIAN,tanker,178.1,10.1,1
356553108,2026-08-26 20:10:00,26.42275,51.48552,0.0,303.0,312.0,MT MERIDIAN,tanker,178.1,10.1,1
356553108,2026-08-26 20:20:00,26.42276,51.48549,0.0,301.5,299.0,MT MERIDIAN,tanker,178.1,10.1,1
356553108,2026-08-26 20:30:00,26.42276,51.48549,0.3,304.9,302.0,MT MERIDIAN,tanker,178.1,10.1,1
356553108,2026-08-26 20:40:00,26.42321,51.48475,0.4,304.3,303.0,MT MERIDIAN,tanker,178.1,10.1,1
356553108,2026-08-26 20:50:00,26.42385,51.48366,0.0,303.8,306.0,MT MERIDIAN,tanker,178.1,10.1,1
356553108,2026-08-26 21:00:00,26.42391,51.48357,0.2,302.9,303.0,MT MERIDIAN,tanker,178.1,10.1,1
356553108,2026-08-26 21:10:00,26.42421,51.48306,0.6,303.8,306.0,MT MERIDIAN,tanker,178.1,10.1,1
356553108,2026-08-26 21:20:00,26.42513,51.48152,0.2,303.8,304.0,MT MERIDIAN,tanker,178.1,10.1,1
356553108,2026-08-26 21:30:00,26.42549,51.48091,0.3,304.3,304.0,MT MERIDIAN,tanker,178.1,10.1,1
356553108,2026-08-26 21:40:00,26.42599,51.48008,0.0,304.0,303.0,MT MERIDIAN,tanker,178.1,10.1,1
356553108,2026-08-26 21:50:00,26.42599,51.48008,0.0,306.3,299.0,MT MERIDIAN,tanker,178.1,10.1,1
356553108,2026-08-26 22:00:00,26.42602,51.48002,0.3,302.7,304.0,MT MERIDIAN,tanker,178.1,10.1,1
356553108,2026-08-26 22:10:00,26.42654,51.47914,0.7,302.6,301.0,MT MERIDIAN,tanker,178.1,10.1,1
356553108,2026-08-26 22:20:00,26.42768,51.47722,0.1,302.7,306.0,MT MERIDIAN,tanker,178.1,10.1,1
356553108,2026-08-26 22:30:00,26.42783,51.47698,0.0,304.2,300.0,MT MERIDIAN,tanker,178.1,10.1,1
356553108,2026-08-26 22:40:00,26.42783,51.47698,0.0,303.3,299.0,MT MERIDIAN,tanker,178.1,10.1,1
356553108,2026-08-26 22:50:00,26.42783,51.47698,0.5,302.0,300.0,MT MERIDIAN,tanker,178.1,10.1,1
356553108,2026-08-26 23:00:00,26.42856,51.47574,0.2,303.0,299.0,MT MERIDIAN,tanker,178.1,10.1,1
356553108,2026-08-26 23:10:00,26.42888,51.47521,0.6,302.6,303.0,MT MERIDIAN,tanker,178.1,10.1,1
356553108,2026-08-26 23:20:00,26.42981,51.47364,0.0,304.3,305.0,MT MERIDIAN,tanker,178.1,10.1,1
356553108,2026-08-26 23:30:00,26.42989,51.47351,0.0,303.2,303.0,MT MERIDIAN,tanker,178.1,10.1,1
356553108,2026-08-26 23:40:00,26.42989,51.47351,0.3,302.4,310.0,MT MERIDIAN,tanker,178.1,10.1,1
356553108,2026-08-26 23:50:00,26.43033,51.47277,0.0,303.6,300.0,MT MERIDIAN,tanker,178.1,10.1,1
356553108,2026-08-27 00:00:00,26.43033,51.47277,0.0,302.7,301.0,MT MERIDIAN,tanker,178.1,10.1,1
448222379,2026-08-26 00:00:00,26.38504,52.39533,11.3,313.9,312.0,MV CORAL,cargo,123.6,7.5,0
448222379,2026-08-26 00:10:00,26.40675,52.3702,11.2,316.7,316.0,MV CORAL,cargo,123.6,7.5,0
448222379,2026-08-26 00:20:00,26.42836,52.34516,11.5,314.8,318.0,MV CORAL,cargo,123.6,7.5,0
448222379,2026-08-26 00:30:00,26.45045,52.31958,11.2,311.9,313.0,MV CORAL,cargo,123.6,7.5,0
448222379,2026-08-26 00:40:00,26.47193,52.29469,11.4,313.0,313.0,MV CORAL,cargo,123.6,7.5,0
448222379,2026-08-26 00:50:00,26.4939,52.26923,11.0,315.5,316.0,MV CORAL,cargo,123.6,7.5,0
448222379,2026-08-26 01:00:00,26.51514,52.2446,11.4,314.6,314.0,MV CORAL,cargo,123.6,7.5,0
448222379,2026-08-26 01:10:00,26.53704,52.21923,11.2,312.8,307.0,MV CORAL,cargo,123.6,7.5,0
448222379,2026-08-26 01:20:00,26.55871,52.1941,11.2,314.3,318.0,MV CORAL,cargo,123.6,7.5,0
448222379,2026-08-26 01:30:00,26.58036,52.16899,11.6,315.5,311.0,MV CORAL,cargo,123.6,7.5,0
448222379,2026-08-26 01:40:00,26.60269,52.14308,11.1,314.4,322.0,MV CORAL,cargo,123.6,7.5,0
448222379,2026-08-26 01:50:00,26.6241,52.11824,11.6,315.1,313.0,MV CORAL,cargo,123.6,7.5,0
448222379,2026-08-26 02:00:00,26.64639,52.09238,11.0,314.7,311.0,MV CORAL,cargo,123.6,7.5,0
448222379,2026-08-26 02:10:00,26.66754,52.06783,11.1,313.8,319.0,MV CORAL,cargo,123.6,7.5,0
448222379,2026-08-26 02:20:00,26.689,52.04291,11.1,311.5,315.0,MV CORAL,cargo,123.6,7.5,0
448222379,2026-08-26 02:30:00,26.71041,52.01806,11.0,314.0,314.0,MV CORAL,cargo,123.6,7.5,0
448222379,2026-08-26 02:40:00,26.73165,51.99339,11.1,314.7,309.0,MV CORAL,cargo,123.6,7.5,0
448222379,2026-08-26 02:50:00,26.7531,51.96848,11.1,314.6,312.0,MV CORAL,cargo,123.6,7.5,0
448222379,2026-08-26 03:00:00,26.77443,51.94371,10.8,314.6,317.0,MV CORAL,cargo,123.6,7.5,0
448222379,2026-08-26 03:10:00,26.79523,51.91953,11.2,312.0,316.0,MV CORAL,cargo,123.6,7.5,0
448222379,2026-08-26 03:20:00,26.81678,51.89448,10.8,314.3,311.0,MV CORAL,cargo,123.6,7.5,0
448222379,2026-08-26 03:30:00,26.83756,51.87033,10.9,313.5,313.0,MV CORAL,cargo,123.6,7.5,0
448222379,2026-08-26 03:40:00,26.85858,51.8459,11.0,314.5,313.0,MV CORAL,cargo,123.6,7.5,0
448222379,2026-08-26 03:50:00,26.87985,51.82117,11.4,314.2,312.0,MV CORAL,cargo,123.6,7.5,0
448222379,2026-08-26 04:00:00,26.9019,51.79552,11.0,312.3,315.0,MV CORAL,cargo,123.6,7.5,0
448222379,2026-08-26 04:10:00,26.92306,51.77091,11.1,311.6,312.0,MV CORAL,cargo,123.6,7.5,0
448222379,2026-08-26 04:20:00,26.94446,51.746,11.0,315.5,309.0,MV CORAL,cargo,123.6,7.5,0
448222379,2026-08-26 04:30:00,26.96561,51.7214,10.8,315.1,318.0,MV CORAL,cargo,123.6,7.5,0
448222379,2026-08-26 04:40:00,26.98649,51.69709,11.0,313.3,316.0,MV CORAL,cargo,123.6,7.5,0
448222379,2026-08-26 04:50:00,27.00771,51.67239,10.6,312.1,313.0,MV CORAL,cargo,123.6,7.5,0
448222379,2026-08-26 05:00:00,27.02817,51.64857,11.6,313.5,314.0,MV CORAL,cargo,123.6,7.5,0
448222379,2026-08-26 05:10:00,27.05049,51.62257,11.5,316.1,312.0,MV CORAL,cargo,123.6,7.5,0
448222379,2026-08-26 05:20:00,27.07261,51.5968,11.2,315.8,309.0,MV CORAL,cargo,123.6,7.5,0
448222379,2026-08-26 05:30:00,27.09418,51.57168,11.5,312.9,314.0,MV CORAL,cargo,123.6,7.5,0
448222379,2026-08-26 05:40:00,27.11625,51.54596,11.1,313.0,311.0,MV CORAL,cargo,123.6,7.5,0
448222379,2026-08-26 05:50:00,27.13771,51.52094,11.3,315.0,314.0,MV CORAL,cargo,123.6,7.5,0
448222379,2026-08-26 06:00:00,27.15942,51.49564,11.2,314.5,311.0,MV CORAL,cargo,123.6,7.5,0
448222379,2026-08-26 06:10:00,27.18104,51.47044,11.4,314.8,322.0,MV CORAL,cargo,123.6,7.5,0
448222379,2026-08-26 06:20:00,27.20297,51.44486,11.1,313.5,316.0,MV CORAL,cargo,123.6,7.5,0
448222379,2026-08-26 06:30:00,27.22437,51.41991,11.4,313.4,313.0,MV CORAL,cargo,123.6,7.5,0
448222379,2026-08-26 06:40:00,27.24634,51.39427,11.3,313.1,313.0,MV CORAL,cargo,123.6,7.5,0
448222379,2026-08-26 06:50:00,27.26817,51.36879,11.2,315.0,312.0,MV CORAL,cargo,123.6,7.5,0
448222379,2026-08-26 07:00:00,27.2898,51.34356,10.7,312.0,310.0,MV CORAL,cargo,123.6,7.5,0
448222379,2026-08-26 07:10:00,27.2691,51.3677,10.9,133.8,130.0,MV CORAL,cargo,123.6,7.5,0
448222379,2026-08-26 07:20:00,27.24815,51.39214,11.0,133.2,133.0,MV CORAL,cargo,123.6,7.5,0
448222379,2026-08-26 07:30:00,27.22691,51.41691,11.5,134.6,134.0,MV CORAL,cargo,123.6,7.5,0
448222379,2026-08-26 07:40:00,27.20469,51.44281,11.1,133.5,135.0,MV CORAL,cargo,123.6,7.5,0
448222379,2026-08-26 07:50:00,27.18333,51.46771,11.3,133.0,134.0,MV CORAL,cargo,123.6,7.5,0
448222379,2026-08-26 08:00:00,27.16147,51.4932,10.7,134.2,136.0,MV CORAL,cargo,123.6,7.5,0
448222379,2026-08-26 08:10:00,27.14086,51.5172,11.1,135.8,131.0,MV CORAL,cargo,123.6,7.5,0
448222379,2026-08-26 08:20:00,27.11942,51.54219,11.3,133.9,134.0,MV CORAL,cargo,123.6,7.5,0
448222379,2026-08-26 08:30:00,27.09773,51.56745,11.2,134.1,137.0,MV CORAL,cargo,123.6,7.5,0
448222379,2026-08-26 08:40:00,27.0762,51.59252,11.5,134.0,136.0,MV CORAL,cargo,123.6,7.5,0
448222379,2026-08-26 08:50:00,27.05396,51.61842,11.0,134.7,132.0,MV CORAL,cargo,123.6,7.5,0
448222379,2026-08-26 09:00:00,27.03271,51.64315,11.5,136.2,134.0,MV CORAL,cargo,123.6,7.5,0
448222379,2026-08-26 09:10:00,27.01061,51.66888,10.7,133.4,138.0,MV CORAL,cargo,123.6,7.5,0
448222379,2026-08-26 09:20:00,26.99008,51.69277,11.3,134.2,137.0,MV CORAL,cargo,123.6,7.5,0
448222379,2026-08-26 09:30:00,26.96823,51.71819,11.3,135.2,137.0,MV CORAL,cargo,123.6,7.5,0
448222379,2026-08-26 09:40:00,26.94642,51.74357,11.6,134.3,137.0,MV CORAL,cargo,123.6,7.5,0
448222379,2026-08-26 09:50:00,26.9241,51.76952,11.1,133.4,139.0,MV CORAL,cargo,123.6,7.5,0
448222379,2026-08-26 10:00:00,26.90267,51.79444,11.3,134.8,134.0,MV CORAL,cargo,123.6,7.5,0
448222379,2026-08-26 10:10:00,26.88098,51.81965,11.1,134.0,138.0,MV CORAL,cargo,123.6,7.5,0
448222379,2026-08-26 10:20:00,26.85969,51.84441,11.3,132.2,133.0,MV CORAL,cargo,123.6,7.5,0
448222379,2026-08-26 10:30:00,26.83784,51.8698,11.6,133.7,129.0,MV CORAL,cargo,123.6,7.5,0
448222379,2026-08-26 11:10:00,26.74944,51.97248,11.1,135.0,132.0,MV CORAL,cargo,123.6,7.5,0
448222379,2026-08-26 11:20:00,26.72804,51.99733,11.5,134.5,135.0,MV CORAL,cargo,123.6,7.5,0
448222379,2026-08-26 11:30:00,26.70591,52.02302,11.2,133.8,137.0,MV CORAL,cargo,123.6,7.5,0
448222379,2026-08-26 11:40:00,26.68425,52.04815,11.0,132.3,136.0,MV CORAL,cargo,123.6,7.5,0
448222379,2026-08-26 11:50:00,26.66309,52.07271,11.4,134.4,135.0,MV CORAL,cargo,123.6,7.5,0
448222379,2026-08-26 12:00:00,26.6412,52.0981,11.1,134.7,134.0,MV CORAL,cargo,123.6,7.5,0
448222379,2026-08-26 12:10:00,26.61978,52.12295,11.1,133.6,140.0,MV CORAL,cargo,123.6,7.5,0
448222379,2026-08-26 12:20:00,26.59843,52.14771,10.8,134.5,129.0,MV CORAL,cargo,123.6,7.5,0
448222379,2026-08-26 12:30:00,26.57768,52.17176,11.2,133.5,128.0,MV CORAL,cargo,123.6,7.5,0
448222379,2026-08-26 12:40:00,26.55615,52.19672,11.3,133.6,128.0,MV CORAL,cargo,123.6,7.5,0
448222379,2026-08-26 12:50:00,26.53438,52.22195,11.4,135.4,138.0,MV CORAL,cargo,123.6,7.5,0
448222379,2026-08-26 13:00:00,26.5124,52.24743,11.3,134.0,138.0,MV CORAL,cargo,123.6,7.5,0
448222379,2026-08-26 13:10:00,26.49064,52.27264,11.6,135.1,131.0,MV CORAL,cargo,123.6,7.5,0
448222379,2026-08-26 13:20:00,26.46825,52.29857,11.2,134.4,129.0,MV CORAL,cargo,123.6,7.5,0
448222379,2026-08-26 13:30:00,26.44657,52.32368,11.3,136.2,136.0,MV CORAL,cargo,123.6,7.5,0
448222379,2026-08-26 13:40:00,26.42476,52.34893,11.6,134.1,134.0,MV CORAL,cargo,123.6,7.5,0
448222379,2026-08-26 13:50:00,26.40247,52.37474,11.3,133.1,131.0,MV CORAL,cargo,123.6,7.5,0
448222379,2026-08-26 14:00:00,26.38071,52.39993,11.5,135.3,131.0,MV CORAL,cargo,123.6,7.5,0
448222379,2026-08-26 14:10:00,26.35852,52.42562,11.4,133.9,135.0,MV CORAL,cargo,123.6,7.5,0
448222379,2026-08-26 14:20:00,26.33647,52.45113,11.3,135.0,134.0,MV CORAL,cargo,123.6,7.5,0
448222379,2026-08-26 14:30:00,26.31466,52.47635,11.6,134.3,136.0,MV CORAL,cargo,123.6,7.5,0
448222379,2026-08-26 14:40:00,26.2924,52.5021,11.0,136.1,135.0,MV CORAL,cargo,123.6,7.5,0
448222379,2026-08-26 14:50:00,26.27122,52.52659,11.4,132.3,131.0,MV CORAL,cargo,123.6,7.5,0
448222379,2026-08-26 15:00:00,26.2493,52.55194,11.5,134.2,128.0,MV CORAL,cargo,123.6,7.5,0
448222379,2026-08-26 15:10:00,26.22712,52.57758,11.5,133.4,138.0,MV CORAL,cargo,123.6,7.5,0
448222379,2026-08-26 15:20:00,26.20504,52.6031,11.2,134.2,137.0,MV CORAL,cargo,123.6,7.5,0
448222379,2026-08-26 15:30:00,26.1835,52.62799,11.0,133.0,133.0,MV CORAL,cargo,123.6,7.5,0
448222379,2026-08-26 15:40:00,26.16235,52.65242,11.4,132.6,129.0,MV CORAL,cargo,123.6,7.5,0
448222379,2026-08-26 15:50:00,26.14037,52.67781,11.4,133.4,133.0,MV CORAL,cargo,123.6,7.5,0
448222379,2026-08-26 16:00:00,26.16234,52.65242,10.7,313.3,314.0,MV CORAL,cargo,123.6,7.5,0
448222379,2026-08-26 16:10:00,26.18303,52.62852,11.4,313.2,319.0,MV CORAL,cargo,123.6,7.5,0
448222379,2026-08-26 16:20:00,26.20505,52.60305,11.0,313.3,319.0,MV CORAL,cargo,123.6,7.5,0
448222379,2026-08-26 16:30:00,26.2263,52.57849,11.3,313.4,313.0,MV CORAL,cargo,123.6,7.5,0
448222379,2026-08-26 16:40:00,26.24798,52.55342,11.5,315.4,312.0,MV CORAL,cargo,123.6,7.5,0
448222379,2026-08-26 16:50:00,26.27021,52.52771,11.2,314.0,311.0,MV CORAL,cargo,123.6,7.5,0
448222379,2026-08-26 17:00:00,26.29176,52.50277,11.2,314.0,317.0,MV CORAL,cargo,123.6,7.5,0
448222379,2026-08-26 17:10:00,26.31331,52.47783,11.5,313.6,313.0,MV CORAL,cargo,123.6,7.5,0
448222379,2026-08-26 17:20:00,26.33547,52.45219,11.4,313.4,316.0,MV CORAL,cargo,123.6,7.5,0
448222379,2026-08-26 17:30:00,26.35737,52.42684,11.2,313.0,311.0,MV CORAL,cargo,123.6,7.5,0
448222379,2026-08-26 17:40:00,26.37891,52.40191,11.6,313.8,319.0,MV CORAL,cargo,123.6,7.5,0
448222379,2026-08-26 17:50:00,26.40118,52.37612,11.1,314.2,321.0,MV CORAL,cargo,123.6,7.5,0
448222379,2026-08-26 18:00:00,26.42251,52.35142,10.9,312.1,318.0,MV CORAL,cargo,123.6,7.5,0
448222379,2026-08-26 18:10:00,26.44358,52.32701,11.0,313.9,312.0,MV CORAL,cargo,123.6,7.5,0
448222379,2026-08-26 18:20:00,26.46476,52.30247,11.3,313.0,313.0,MV CORAL,cargo,123.6,7.5,0
448222379,2026-08-26 18:30:00,26.48646,52.27732,11.3,312.9,312.0,MV CORAL,cargo,123.6,7.5,0
448222379,2026-08-26 18:40:00,26.50826,52.25206,11.1,312.5,313.0,MV CORAL,cargo,123.6,7.5,0
448222379,2026-08-26 18:50:00,26.52967,52.22724,11.2,313.6,313.0,MV CORAL,cargo,123.6,7.5,0
448222379,2026-08-26 19:00:00,26.5513,52.20216,11.2,313.3,316.0,MV CORAL,cargo,123.6,7.5,0
448222379,2026-08-26 19:10:00,26.57287,52.17715,11.6,313.5,315.0,MV CORAL,cargo,123.6,7.5,0
448222379,2026-08-26 19:20:00,26.59514,52.15132,11.1,314.3,319.0,MV CORAL,cargo,123.6,7.5,0
448222379,2026-08-26 19:30:00,26.6166,52.12642,11.3,312.2,315.0,MV CORAL,cargo,123.6,7.5,0
448222379,2026-08-26 19:40:00,26.63842,52.1011,11.5,313.7,317.0,MV CORAL,cargo,123.6,7.5,0
448222379,2026-08-26 19:50:00,26.66059,52.07537,11.0,312.5,314.0,MV CORAL,cargo,123.6,7.5,0
448222379,2026-08-26 20:00:00,26.68184,52.0507,10.8,313.7,318.0,MV CORAL,cargo,123.6,7.5,0
448222379,2026-08-26 20:10:00,26.70257,52.02664,10.7,312.7,311.0,MV CORAL,cargo,123.6,7.5,0
448222379,2026-08-26 20:20:00,26.72323,52.00265,11.2,313.6,318.0,MV CORAL,cargo,123.6,7.5,0
448222379,2026-08-26 20:30:00,26.74478,51.97762,11.4,314.5,314.0,MV CORAL,cargo,123.6,7.5,0
448222379,2026-08-26 20:40:00,26.76681,51.95202,11.3,313.1,317.0,MV CORAL,cargo,123.6,7.5,0
448222379,2026-08-26 20:50:00,26.78858,51.92673,10.9,314.8,318.0,MV CORAL,cargo,123.6,7.5,0
448222379,2026-08-26 21:00:00,26.80962,51.90228,11.3,313.8,315.0,MV CORAL,cargo,123.6,7.5,0
448222379,2026-08-26 21:10:00,26.8313,51.87708,10.5,314.3,314.0,MV CORAL,cargo,123.6,7.5,0
448222379,2026-08-26 21:20:00,26.8515,51.8536,11.2,314.7,314.0,MV CORAL,cargo,123.6,7.5,0
448222379,2026-08-26 21:30:00,26.87305,51.82854,10.9,313.8,314.0,MV CORAL,cargo,123.6,7.5,0
448222379,2026-08-26 21:40:00,26.89408,51.80409,11.2,314.1,317.0,MV CORAL,cargo,123.6,7.5,0
448222379,2026-08-26 21:50:00,26.91571,51.77893,10.9,314.1,318.0,MV CORAL,cargo,123.6,7.5,0
448222379,2026-08-26 22:00:00,26.93677,51.75443,10.8,314.1,312.0,MV CORAL,cargo,123.6,7.5,0
448222379,2026-08-26 22:10:00,26.95751,51.7303,11.1,313.1,313.0,MV CORAL,cargo,123.6,7.5,0
448222379,2026-08-26 22:20:00,26.97891,51.70539,11.7,312.7,310.0,MV CORAL,cargo,123.6,7.5,0
448222379,2026-08-26 22:30:00,27.00137,51.67924,10.9,315.7,313.0,MV CORAL,cargo,123.6,7.5,0
448222379,2026-08-26 22:40:00,27.02232,51.65485,11.2,313.6,311.0,MV CORAL,cargo,123.6,7.5,0
448222379,2026-08-26 22:50:00,27.04389,51.62974,11.1,316.4,318.0,MV CORAL,cargo,123.6,7.5,0
448222379,2026-08-26 23:00:00,27.06535,51.60474,11.0,314.6,311.0,MV CORAL,cargo,123.6,7.5,0
448222379,2026-08-26 23:10:00,27.08652,51.58008,10.8,315.0,317.0,MV CORAL,cargo,123.6,7.5,0
448222379,2026-08-26 23:20:00,27.10724,51.55594,11.5,313.5,313.0,MV CORAL,cargo,123.6,7.5,0
448222379,2026-08-26 23:30:00,27.12932,51.5302,11.4,314.3,313.0,MV CORAL,cargo,123.6,7.5,0
448222379,2026-08-26 23:40:00,27.15126,51.50463,10.8,314.1,317.0,MV CORAL,cargo,123.6,7.5,0
448222379,2026-08-26 23:50:00,27.17206,51.48038,10.9,314.6,315.0,MV CORAL,cargo,123.6,7.5,0
448222379,2026-08-27 00:00:00,27.19306,51.4559,11.4,314.8,312.0,MV CORAL,cargo,123.6,7.5,0
466206671,2026-08-26 00:00:00,26.75826,51.68815,0.6,97.5,97.0,FV ARABIAN,fishing,37.6,3.7,1
466206671,2026-08-26 00:10:00,26.75804,51.69005,0.0,98.6,95.0,FV ARABIAN,fishing,37.6,3.7,1
466206671,2026-08-26 00:20:00,26.75804,51.69005,0.1,96.3,102.0,FV ARABIAN,fishing,37.6,3.7,1
466206671,2026-08-26 00:30:00,26.75801,51.69029,0.4,97.5,94.0,FV ARABIAN,fishing,37.6,3.7,1
466206671,2026-08-26 00:40:00,26.75787,51.69149,0.5,97.1,94.0,FV ARABIAN,fishing,37.6,3.7,1
466206671,2026-08-26 00:50:00,26.75769,51.69298,0.0,96.9,93.0,FV ARABIAN,fishing,37.6,3.7,1
466206671,2026-08-26 01:00:00,26.75769,51.69298,0.0,98.2,96.0,FV ARABIAN,fishing,37.6,3.7,1
466206671,2026-08-26 01:10:00,26.75769,51.69298,0.2,96.8,98.0,FV ARABIAN,fishing,37.6,3.7,1
466206671,2026-08-26 01:20:00,26.75763,51.69356,0.6,97.1,99.0,FV ARABIAN,fishing,37.6,3.7,1
466206671,2026-08-26 01:30:00,26.75742,51.69535,0.0,99.0,96.0,FV ARABIAN,fishing,37.6,3.7,1
466206671,2026-08-26 01:40:00,26.75742,51.69535,0.4,97.4,99.0,FV ARABIAN,fishing,37.6,3.7,1
466206671,2026-08-26 01:50:00,26.75728,51.69647,0.3,97.0,101.0,FV ARABIAN,fishing,37.6,3.7,1
466206671,2026-08-26 02:00:00,26.75719,51.69729,0.0,98.3,96.0,FV ARABIAN,fishing,37.6,3.7,1
466206671,2026-08-26 02:10:00,26.75719,51.69729,0.2,97.0,98.0,FV ARABIAN,fishing,37.6,3.7,1
466206671,2026-08-26 02:20:00,26.75712,51.69787,0.0,97.7,98.0,FV ARABIAN,fishing,37.6,3.7,1
466206671,2026-08-26 02:30:00,26.75712,51.69787,0.0,97.4,98.0,FV ARABIAN,fishing,37.6,3.7,1
466206671,2026-08-26 02:40:00,26.75712,51.69787,0.0,97.4,94.0,FV ARABIAN,fishing,37.6,3.7,1
466206671,2026-08-26 02:50:00,26.75712,51.69787,0.7,98.6,98.0,FV ARABIAN,fishing,37.6,3.7,1
466206671,2026-08-26 03:00:00,26.75687,51.69999,0.4,95.5,90.0,FV ARABIAN,fishing,37.6,3.7,1
466206671,2026-08-26 03:10:00,26.75673,51.7012,0.0,96.1,97.0,FV ARABIAN,fishing,37.6,3.7,1
466206671,2026-08-26 03:20:00,26.75673,51.7012,0.2,98.4,94.0,FV ARABIAN,fishing,37.6,3.7,1
466206671,2026-08-26 03:30:00,26.75667,51.70166,0.2,97.5,99.0,FV ARABIAN,fishing,37.6,3.7,1
466206671,2026-08-26 03:40:00,26.7566,51.70228,0.0,98.9,97.0,FV ARABIAN,fishing,37.6,3.7,1
466206671,2026-08-26 03:50:00,26.7566,51.70228,0.5,96.7,100.0,FV ARABIAN,fishing,37.6,3.7,1
466206671,2026-08-26 04:00:00,26.7564,51.70396,0.1,97.2,99.0,FV ARABIAN,fishing,37.6,3.7,1
466206671,2026-08-26 04:10:00,26.75637,51.70422,0.0,94.8,88.0,FV ARABIAN,fishing,37.6,3.7,1
466206671,2026-08-26 04:20:00,26.75636,51.7043,0.4,98.7,103.0,FV ARABIAN,fishing,37.6,3.7,1
466206671,2026-08-26 04:30:00,26.75621,51.70558,0.1,96.2,96.0,FV ARABIAN,fishing,37.6,3.7,1
466206671,2026-08-26 04:40:00,26.75618,51.70588,0.1,96.5,102.0,FV ARABIAN,fishing,37.6,3.7,1
466206671,2026-08-26 04:50:00,26.75614,51.7062,0.7,98.0,97.0,FV ARABIAN,fishing,37.6,3.7,1
466206671,2026-08-26 05:00:00,26.7559,51.70823,0.0,99.0,98.0,FV ARABIAN,fishing,37.6,3.7,1
466206671,2026-08-26 05:10:00,26.7559,51.70823,0.0,98.0,96.0,FV ARABIAN,fishing,37.6,3.7,1
466206671,2026-08-26 05:20:00,26.75589,51.70832,0.1,96.1,101.0,FV ARABIAN,fishing,37.6,3.7,1
466206671,2026-08-26 05:30:00,26.75584,51.70874,0.1,98.7,97.0,FV ARABIAN,fishing,37.6,3.7,1
466206671,2026-08-26 05:40:00,26.75582,51.70896,0.1,96.3,100.0,FV ARABIAN,fishing,37.6,3.7,1
466206671,2026-08-26 05:50:00,26.75579,51.70917,0.0,97.0,98.0,FV ARABIAN,fishing,37.6,3.7,1
466206671,2026-08-26 06:00:00,26.75579,51.70917,0.1,95.8,97.0,FV ARABIAN,fishing,37.6,3.7,1
466206671,2026-08-26 06:10:00,26.75575,51.70957,0.3,97.1,97.0,FV ARABIAN,fishing,37.6,3.7,1
466206671,2026-08-26 06:20:00,26.75564,51.71049,0.1,97.4,94.0,FV ARABIAN,fishing,37.6,3.7,1
466206671,2026-08-26 06:30:00,26.75559,51.71092,0.1,98.5,94.0,FV ARABIAN,fishing,37.6,3.7,1
466206671,2026-08-26 06:40:00,26.75555,51.7112,0.0,96.1,100.0,FV ARABIAN,fishing,37.6,3.7,1
466206671,2026-08-26 06:50:00,26.75555,51.71122,0.1,96.6,98.0,FV ARABIAN,fishing,37.6,3.7,1
466206671,2026-08-26 07:00:00,26.75552,51.71146,0.0,96.5,93.0,FV ARABIAN,fishing,37.6,3.7,1
466206671,2026-08-26 07:10:00,26.75552,51.71146,0.0,98.9,95.0,FV ARABIAN,fishing,37.6,3.7,1
466206671,2026-08-26 07:20:00,26.75552,51.71146,0.2,96.7,100.0,FV ARABIAN,fishing,37.6,3.7,1
466206671,2026-08-26 07:30:00,26.75544,51.71213,0.0,97.5,98.0,FV ARABIAN,fishing,37.6,3.7,1
466206671,2026-08-26 07:40:00,26.75544,51.71213,0.7,98.1,96.0,FV ARABIAN,fishing,37.6,3.7,1
466206671,2026-08-26 07:50:00,26.7552,51.71423,0.3,99.6,93.0,FV ARABIAN,fishing,37.6,3.7,1
466206671,2026-08-26 08:00:00,26.7551,51.71507,0.0,97.3,96.0,FV ARABIAN,fishing,37.6,3.7,1
466206671,2026-08-26 08:10:00,26.7551,51.71507,0.0,96.2,102.0,FV ARABIAN,fishing,37.6,3.7,1
466206671,2026-08-26 08:20:00,26.75509,51.71512,0.0,97.3,101.0,FV ARABIAN,fishing,37.6,3.7,1
466206671,2026-08-26 08:30:00,26.75509,51.71512,0.1,96.5,93.0,FV ARABIAN,fishing,37.6,3.7,1
466206671,2026-08-26 08:40:00,26.75506,51.7154,0.0,96.7,98.0,FV ARABIAN,fishing,37.6,3.7,1
466206671,2026-08-26 08:50:00,26.75504,51.71553,0.0,98.3,98.0,FV ARABIAN,fishing,37.6,3.7,1
466206671,2026-08-26 09:00:00,26.75504,51.71553,0.1,98.9,96.0,FV ARABIAN,fishing,37.6,3.7,1
466206671,2026-08-26 09:10:00,26.75499,51.71599,0.0,96.9,97.0,FV ARABIAN,fishing,37.6,3.7,1
466206671,2026-08-26 09:20:00,26.75499,51.71599,0.1,96.7,91.0,FV ARABIAN,fishing,37.6,3.7,1
466206671,2026-08-26 09:30:00,26.75496,51.71623,0.0,97.9,98.0,FV ARABIAN,fishing,37.6,3.7,1
466206671,2026-08-26 09:40:00,26.75496,51.71623,0.4,99.5,100.0,FV ARABIAN,fishing,37.6,3.7,1
466206671,2026-08-26 09:50:00,26.75482,51.71746,0.4,98.3,103.0,FV ARABIAN,fishing,37.6,3.7,1
466206671,2026-08-26 10:00:00,26.75466,51.71883,0.6,98.4,100.0,FV ARABIAN,fishing,37.6,3.7,1
466206671,2026-08-26 10:10:00,26.75445,51.72057,0.0,97.5,96.0,FV ARABIAN,fishing,37.6,3.7,1
466206671,2026-08-26 10:20:00,26.75444,51.72072,0.3,96.8,97.0,FV ARABIAN,fishing,37.6,3.7,1
466206671,2026-08-26 10:30:00,26.75434,51.7215,0.0,99.2,97.0,FV ARABIAN,fishing,37.6,3.7,1
466206671,2026-08-26 10:40:00,26.75434,51.7215,0.2,99.0,98.0,FV ARABIAN,fishing,37.6,3.7,1
466206671,2026-08-26 10:50:00,26.75427,51.72216,0.5,96.3,105.0,FV ARABIAN,fishing,37.6,3.7,1
466206671,2026-08-26 11:00:00,26.7541,51.72358,0.4,97.7,102.0,FV ARABIAN,fishing,37.6,3.7,1
466206671,2026-08-26 11:10:00,26.75396,51.72473,0.0,97.2,102.0,FV ARABIAN,fishing,37.6,3.7,1
466206671,2026-08-26 11:20:00,26.75396,51.72473,0.0,98.1,99.0,FV ARABIAN,fishing,37.6,3.7,1
466206671,2026-08-26 11:30:00,26.75396,51.72473,0.6,95.9,102.0,FV ARABIAN,fishing,37.6,3.7,1
466206671,2026-08-26 11:40:00,26.75375,51.72656,0.0,97.1,94.0,FV ARABIAN,fishing,37.6,3.7,1
466206671,2026-08-26 11:50:00,26.75375,51.72656,0.0,97.9,94.0,FV ARABIAN,fishing,37.6,3.7,1
466206671,2026-08-26 12:00:00,26.75375,51.72656,0.3,96.8,94.0,FV ARABIAN,fishing,37.6,3.7,1
466206671,2026-08-26 12:10:00,26.75365,51.72743,0.0,97.8,97.0,FV ARABIAN,fishing,37.6,3.7,1
466206671,2026-08-26 12:20:00,26.75365,51.72743,0.1,98.2,101.0,FV ARABIAN,fishing,37.6,3.7,1
466206671,2026-08-26 12:30:00,26.75361,51.72777,0.0,96.5,98.0,FV ARABIAN,fishing,37.6,3.7,1
466206671,2026-08-26 12:40:00,26.7536,51.72784,0.2,96.0,95.0,FV ARABIAN,fishing,37.6,3.7,1
466206671,2026-08-26 12:50:00,26.75352,51.72851,0.0,97.3,95.0,FV ARABIAN,fishing,37.6,3.7,1
466206671,2026-08-26 13:00:00,26.75352,51.72851,0.3,95.9,93.0,FV ARABIAN,fishing,37.6,3.7,1
466206671,2026-08-26 13:10:00,26.75342,51.72936,0.0,97.3,93.0,FV ARABIAN,fishing,37.6,3.7,1
466206671,2026-08-26 13:20:00,26.75341,51.72941,0.0,97.1,96.0,FV ARABIAN,fishing,37.6,3.7,1
466206671,2026-08-26 13:30:00,26.75341,51.72941,0.1,96.8,102.0,FV ARABIAN,fishing,37.6,3.7,1
466206671,2026-08-26 13:40:00,26.75336,51.72984,0.2,96.7,98.0,FV ARABIAN,fishing,37.6,3.7,1
466206671,2026-08-26 13:50:00,26.75328,51.73052,0.1,98.7,96.0,FV ARABIAN,fishing,37.6,3.7,1
466206671,2026-08-26 14:00:00,26.75324,51.73093,0.3,97.5,102.0,FV ARABIAN,fishing,37.6,3.7,1
466206671,2026-08-26 14:10:00,26.75313,51.73183,0.4,97.7,97.0,FV ARABIAN,fishing,37.6,3.7,1
466206671,2026-08-26 14:20:00,26.75298,51.73313,0.2,97.3,103.0,FV ARABIAN,fishing,37.6,3.7,1
466206671,2026-08-26 14:30:00,26.75289,51.73383,0.1,97.1,96.0,FV ARABIAN,fishing,37.6,3.7,1
466206671,2026-08-26 14:40:00,26.75285,51.7342,0.0,98.1,95.0,FV ARABIAN,fishing,37.6,3.7,1
466206671,2026-08-26 14:50:00,26.75285,51.7342,0.4,96.2,98.0,FV ARABIAN,fishing,37.6,3.7,1
466206671,2026-08-26 15:00:00,26.75272,51.73535,0.4,95.3,104.0,FV ARABIAN,fishing,37.6,3.7,1
466206671,2026-08-26 15:10:00,26.75258,51.73654,0.0,97.6,99.0,FV ARABIAN,fishing,37.6,3.7,1
466206671,2026-08-26 15:20:00,26.75258,51.73654,0.3,97.8,100.0,FV ARABIAN,fishing,37.6,3.7,1
466206671,2026-08-26 15:30:00,26.75247,51.73741,0.2,99.3,99.0,FV ARABIAN,fishing,37.6,3.7,1
466206671,2026-08-26 15:40:00,26.75239,51.73812,0.6,98.4,92.0,FV ARABIAN,fishing,37.6,3.7,1
466206671,2026-08-26 15:50:00,26.75218,51.73994,0.8,96.9,102.0,FV ARABIAN,fishing,37.6,3.7,1
466206671,2026-08-26 16:00:00,26.7519,51.74226,0.1,98.6,95.0,FV ARABIAN,fishing,37.6,3.7,1
466206671,2026-08-26 16:10:00,26.75186,51.74259,0.3,97.2,102.0,FV ARABIAN,fishing,37.6,3.7,1
466206671,2026-08-26 16:20:00,26.75177,51.74338,0.2,98.4,91.0,FV ARABIAN,fishing,37.6,3.7,1
466206671,2026-08-26 16:30:00,26.7517,51.74403,0.1,97.9,98.0,FV ARABIAN,fishing,37.6,3.7,1
466206671,2026-08-26 16:40:00,26.75167,51.74427,0.3,97.1,98.0,FV ARABIAN,fishing,37.6,3.7,1
466206671,2026-08-26 16:50:00,26.75154,51.74532,0.4,95.2,99.0,FV ARABIAN,fishing,37.6,3.7,1
466206671,2026-08-26 17:00:00,26.7514,51.74654,0.0,96.6,99.0,FV ARABIAN,fishing,37.6,3.7,1
466206671,2026-08-26 17:10:00,26.75139,51.74659,0.4,98.5,97.0,FV ARABIAN,fishing,37.6,3.7,1
466206671,2026-08-26 17:20:00,26.75125,51.74784,0.3,98.4,97.0,FV ARABIAN,fishing,37.6,3.7,1
466206671,2026-08-26 17:30:00,26.75113,51.74882,0.0,96.9,100.0,FV ARABIAN,fishing,37.6,3.7,1
466206671,2026-08-26 17:40:00,26.75113,51.74882,0.1,96.5,92.0,FV ARABIAN,fishing,37.6,3.7,1
466206671,2026-08-26 17:50:00,26.7511,51.7491,0.3,97.0,98.0,FV ARABIAN,fishing,37.6,3.7,1
466206671,2026-08-26 18:00:00,26.75099,51.75005,0.4,96.2,97.0,FV ARABIAN,fishing,37.6,3.7,1
466206671,2026-08-26 18:10:00,26.75084,51.75131,0.1,97.9,101.0,FV ARABIAN,fishing,37.6,3.7,1
466206671,2026-08-26 18:20:00,26.75082,51.75149,0.0,98.1,101.0,FV ARABIAN,fishing,37.6,3.7,1
466206671,2026-08-26 18:30:00,26.75082,51.75149,0.1,97.4,99.0,FV ARABIAN,fishing,37.6,3.7,1
466206671,2026-08-26 18:40:00,26.7508,51.75165,0.2,98.1,99.0,FV ARABIAN,fishing,37.6,3.7,1
466206671,2026-08-26 18:50:00,26.75073,51.75223,0.0,98.5,101.0,FV ARABIAN,fishing,37.6,3.7,1
466206671,2026-08-26 19:00:00,26.75073,51.75223,0.1,96.0,97.0,FV ARABIAN,fishing,37.6,3.7,1
466206671,2026-08-26 19:10:00,26.75068,51.75268,0.1,96.4,96.0,FV ARABIAN,fishing,37.6,3.7,1
466206671,2026-08-26 19:20:00,26.75063,51.75314,0.0,98.1,98.0,FV ARABIAN,fishing,37.6,3.7,1
466206671,2026-08-26 19:30:00,26.75063,51.75314,0.0,97.8,97.0,FV ARABIAN,fishing,37.6,3.7,1
466206671,2026-08-26 19:40:00,26.75063,51.75314,0.2,97.1,95.0,FV ARABIAN,fishing,37.6,3.7,1
466206671,2026-08-26 19:50:00,26.75054,51.75384,0.0,97.0,98.0,FV ARABIAN,fishing,37.6,3.7,1
466206671,2026-08-26 20:00:00,26.75054,51.75384,0.1,97.3,96.0,FV ARABIAN,fishing,37.6,3.7,1
466206671,2026-08-26 20:10:00,26.75049,51.75427,0.0,100.0,95.0,FV ARABIAN,fishing,37.6,3.7,1
466206671,2026-08-26 20:20:00,26.75049,51.7543,0.0,100.8,99.0,FV ARABIAN,fishing,37.6,3.7,1
466206671,2026-08-26 20:30:00,26.75049,51.7543,0.0,98.3,95.0,FV ARABIAN,fishing,37.6,3.7,1
466206671,2026-08-26 20:40:00,26.75049,51.7543,0.3,97.3,96.0,FV ARABIAN,fishing,37.6,3.7,1
466206671,2026-08-26 20:50:00,26.75037,51.75531,0.5,98.1,100.0,FV ARABIAN,fishing,37.6,3.7,1
466206671,2026-08-26 21:00:00,26.75019,51.75686,0.2,97.1,99.0,FV ARABIAN,fishing,37.6,3.7,1
466206671,2026-08-26 21:10:00,26.75011,51.7575,0.4,97.6,103.0,FV ARABIAN,fishing,37.6,3.7,1
466206671,2026-08-26 21:20:00,26.74997,51.75874,0.3,97.7,98.0,FV ARABIAN,fishing,37.6,3.7,1
466206671,2026-08-26 21:30:00,26.74985,51.75971,0.1,96.2,97.0,FV ARABIAN,fishing,37.6,3.7,1
466206671,2026-08-26 21:40:00,26.7498,51.76012,0.2,97.1,99.0,FV ARABIAN,fishing,37.6,3.7,1
466206671,2026-08-26 21:50:00,26.74975,51.7606,0.1,98.3,99.0,FV ARABIAN,fishing,37.6,3.7,1
466206671,2026-08-26 22:00:00,26.74971,51.76092,0.1,96.1,103.0,FV ARABIAN,fishing,37.6,3.7,1
466206671,2026-08-26 22:10:00,26.74966,51.76136,0.1,97.4,96.0,FV ARABIAN,fishing,37.6,3.7,1
466206671,2026-08-26 22:20:00,26.74964,51.76156,0.0,99.0,102.0,FV ARABIAN,fishing,37.6,3.7,1
466206671,2026-08-26 22:30:00,26.74964,51.76156,0.2,97.4,99.0,FV ARABIAN,fishing,37.6,3.7,1
466206671,2026-08-26 22:40:00,26.74956,51.76221,0.1,97.3,99.0,FV ARABIAN,fishing,37.6,3.7,1
466206671,2026-08-26 22:50:00,26.74952,51.76258,0.0,97.7,98.0,FV ARABIAN,fishing,37.6,3.7,1
466206671,2026-08-26 23:00:00,26.74952,51.76258,0.3,96.9,100.0,FV ARABIAN,fishing,37.6,3.7,1
466206671,2026-08-26 23:10:00,26.74943,51.76335,0.0,96.9,96.0,FV ARABIAN,fishing,37.6,3.7,1
466206671,2026-08-26 23:20:00,26.74943,51.76335,0.0,98.5,95.0,FV ARABIAN,fishing,37.6,3.7,1
466206671,2026-08-26 23:30:00,26.74943,51.76335,0.0,98.8,96.0,FV ARABIAN,fishing,37.6,3.7,1
466206671,2026-08-26 23:40:00,26.74943,51.76335,0.1,96.5,100.0,FV ARABIAN,fishing,37.6,3.7,1
466206671,2026-08-26 23:50:00,26.74941,51.76351,0.3,98.2,99.0,FV ARABIAN,fishing,37.6,3.7,1
466206671,2026-08-27 00:00:00,26.74929,51.76447,0.1,97.0,95.0,FV ARABIAN,fishing,37.6,3.7,1
504826601,2026-08-26 00:00:00,26.7377,52.68362,14.3,162.7,166.0,MS CORAL,passenger,81.3,6.7,0
504826601,2026-08-26 00:10:00,26.69991,52.69746,14.9,163.2,162.0,MS CORAL,passenger,81.3,6.7,0
504826601,2026-08-26 00:20:00,26.7392,52.68306,14.5,342.6,342.0,MS CORAL,passenger,81.3,6.7,0
504826601,2026-08-26 00:30:00,26.77753,52.669,14.5,342.7,342.0,MS CORAL,passenger,81.3,6.7,0
504826601,2026-08-26 00:40:00,26.81572,52.65499,14.3,341.5,344.0,MS CORAL,passenger,81.3,6.7,0
504826601,2026-08-26 00:50:00,26.85334,52.64118,14.4,342.2,344.0,MS CORAL,passenger,81.3,6.7,0
504826601,2026-08-26 01:00:00,26.89144,52.62719,14.3,342.6,343.0,MS CORAL,passenger,81.3,6.7,0
504826601,2026-08-26 01:10:00,26.92929,52.61328,14.1,343.3,340.0,MS CORAL,passenger,81.3,6.7,0
504826601,2026-08-26 01:20:00,26.96658,52.59958,14.0,340.8,339.0,MS CORAL,passenger,81.3,6.7,0
504826601,2026-08-26 01:30:00,27.00358,52.58598,14.5,341.6,341.0,MS CORAL,passenger,81.3,6.7,0
504826601,2026-08-26 01:40:00,27.04172,52.57196,14.6,342.2,343.0,MS CORAL,passenger,81.3,6.7,0
504826601,2026-08-26 01:50:00,27.08023,52.5578,14.5,342.5,336.0,MS CORAL,passenger,81.3,6.7,0
504826601,2026-08-26 02:00:00,27.1186,52.54368,14.4,339.7,342.0,MS CORAL,passenger,81.3,6.7,0
504826601,2026-08-26 02:10:00,27.15646,52.52975,14.4,342.9,345.0,MS CORAL,passenger,81.3,6.7,0
504826601,2026-08-26 02:20:00,27.19456,52.51572,14.5,341.4,343.0,MS CORAL,passenger,81.3,6.7,0
504826601,2026-08-26 02:30:00,27.23279,52.50164,14.3,341.9,345.0,MS CORAL,passenger,81.3,6.7,0
504826601,2026-08-26 02:40:00,27.27054,52.48773,14.3,342.7,344.0,MS CORAL,passenger,81.3,6.7,0
504826601,2026-08-26 02:50:00,27.23281,52.50162,14.2,162.8,164.0,MS CORAL,passenger,81.3,6.7,0
504826601,2026-08-26 03:00:00,27.19534,52.51542,14.5,161.1,159.0,MS CORAL,passenger,81.3,6.7,0
504826601,2026-08-26 03:10:00,27.15717,52.52947,14.3,162.4,159.0,MS CORAL,passenger,81.3,6.7,0
504826601,2026-08-26 03:20:00,27.11942,52.54336,14.6,160.6,161.0,MS CORAL,passenger,81.3,6.7,0
504826601,2026-08-26 03:30:00,27.08103,52.55748,14.5,164.3,158.0,MS CORAL,passenger,81.3,6.7,0
504826601,2026-08-26 03:40:00,27.04286,52.57151,14.8,162.0,163.0,MS CORAL,passenger,81.3,6.7,0
504826601,2026-08-26 03:50:00,27.00378,52.58587,14.5,162.3,161.0,MS CORAL,passenger,81.3,6.7,0
504826601,2026-08-26 04:00:00,26.9656,52.5999,14.8,161.4,165.0,MS CORAL,passenger,81.3,6.7,0
504826601,2026-08-26 04:10:00,26.92654,52.61425,14.3,161.8,159.0,MS CORAL,passenger,81.3,6.7,0
504826601,2026-08-26 04:20:00,26.88887,52.62808,14.6,163.3,162.0,MS CORAL,passenger,81.3,6.7,0
504826601,2026-08-26 04:30:00,26.85047,52.64217,14.4,160.8,161.0,MS CORAL,passenger,81.3,6.7,0
504826601,2026-08-26 04:40:00,26.81249,52.65611,14.0,161.0,163.0,MS CORAL,passenger,81.3,6.7,0
504826601,2026-08-26 04:50:00,26.77544,52.6697,14.8,164.7,160.0,MS CORAL,passenger,81.3,6.7,0
504826601,2026-08-26 05:00:00,26.73647,52.68399,14.8,162.1,161.0,MS CORAL,passenger,81.3,6.7,0
504826601,2026-08-26 05:10:00,26.69742,52.6983,14.6,161.9,162.0,MS CORAL,passenger,81.3,6.7,0
504826601,2026-08-26 05:20:00,26.73581,52.68422,14.3,340.5,337.0,MS CORAL,passenger,81.3,6.7,0
504826601,2026-08-26 05:30:00,26.77364,52.67035,14.6,341.6,340.0,MS CORAL,passenger,81.3,6.7,0
504826601,2026-08-26 05:40:00,26.81217,52.65621,14.4,342.7,342.0,MS CORAL,passenger,81.3,6.7,0
504826601,2026-08-26 05:50:00,26.85028,52.64222,14.3,343.1,347.0,MS CORAL,passenger,81.3,6.7,0
504826601,2026-08-26 06:00:00,26.88794,52.62839,14.6,342.8,346.0,MS CORAL,passenger,81.3,6.7,0
504826601,2026-08-26 06:10:00,26.92637,52.61428,14.7,342.5,344.0,MS CORAL,passenger,81.3,6.7,0
504826601,2026-08-26 06:20:00,26.96522,52.60001,14.6,340.8,344.0,MS CORAL,passenger,81.3,6.7,0
504826601,2026-08-26 06:30:00,27.00366,52.58588,14.1,341.1,346.0,MS CORAL,passenger,81.3,6.7,0
504826601,2026-08-26 06:40:00,27.04086,52.5722,14.7,343.4,341.0,MS CORAL,passenger,81.3,6.7,0
504826601,2026-08-26 06:50:00,27.07952,52.55798,14.2,341.6,342.0,MS CORAL,passenger,81.3,6.7,0
504826601,2026-08-26 07:00:00,27.11686,52.54424,14.5,343.0,341.0,MS CORAL,passenger,81.3,6.7,0
504826601,2026-08-26 07:10:00,27.15501,52.5302,14.5,340.9,343.0,MS CORAL,passenger,81.3,6.7,0
504826601,2026-08-26 07:20:00,27.19334,52.51609,14.4,341.1,341.0,MS CORAL,passenger,81.3,6.7,0
504826601,2026-08-26 07:30:00,27.23145,52.50205,14.4,341.6,347.0,MS CORAL,passenger,81.3,6.7,0
504826601,2026-08-26 07:40:00,27.26942,52.48806,14.4,341.6,336.0,MS CORAL,passenger,81.3,6.7,0
504826601,2026-08-26 07:50:00,27.23139,52.50207,14.2,161.6,160.0,MS CORAL,passenger,81.3,6.7,0
504826601,2026-08-26 08:00:00,27.19388,52.51588,14.8,161.7,166.0,MS CORAL,passenger,81.3,6.7,0
504826601,2026-08-26 08:10:00,27.15486,52.53024,14.5,161.9,162.0,MS CORAL,passenger,81.3,6.7,0
504826601,2026-08-26 08:20:00,27.11672,52.54427,14.4,163.6,155.0,MS CORAL,passenger,81.3,6.7,0
504826601,2026-08-26 08:30:00,27.07862,52.55828,13.9,161.3,162.0,MS CORAL,passenger,81.3,6.7,0
504826601,2026-08-26 08:40:00,27.04184,52.57181,14.6,162.3,161.0,MS CORAL,passenger,81.3,6.7,0
504826601,2026-08-26 08:50:00,27.00328,52.58598,14.7,162.9,162.0,MS CORAL,passenger,81.3,6.7,0
504826601,2026-08-26 09:00:00,26.96451,52.60022,14.7,162.1,160.0,MS CORAL,passenger,81.3,6.7,0
504826601,2026-08-26 09:10:00,26.92577,52.61445,14.6,162.0,162.0,MS CORAL,passenger,81.3,6.7,0
504826601,2026-08-26 09:20:00,26.88721,52.62861,14.8,159.4,158.0,MS CORAL,passenger,81.3,6.7,0
504826601,2026-08-26 09:30:00,26.84813,52.64295,14.1,161.5,161.0,MS CORAL,passenger,81.3,6.7,0
504826601,2026-08-26 09:40:00,26.81082,52.65664,14.1,160.9,159.0,MS CORAL,passenger,81.3,6.7,0
504826601,2026-08-26 09:50:00,26.77371,52.67025,15.1,163.7,161.0,MS CORAL,passenger,81.3,6.7,0
504826601,2026-08-26 10:00:00,26.73399,52.68482,14.4,160.7,156.0,MS CORAL,passenger,81.3,6.7,0
504826601,2026-08-26 10:10:00,26.69612,52.6987,14.4,160.9,162.0,MS CORAL,passenger,81.3,6.7,0
504826601,2026-08-26 10:20:00,26.73415,52.68475,14.0,341.1,342.0,MS CORAL,passenger,81.3,6.7,0
504826601,2026-08-26 10:30:00,26.77119,52.67117,14.5,342.3,338.0,MS CORAL,passenger,81.3,6.7,0
504826601,2026-08-26 10:40:00,26.80953,52.6571,14.7,341.1,344.0,MS CORAL,passenger,81.3,6.7,0
504826601,2026-08-26 10:50:00,26.8482,52.64291,14.4,340.5,341.0,MS CORAL,passenger,81.3,6.7,0
504826601,2026-08-26 11:00:00,26.88629,52.62892,14.5,342.5,341.0,MS CORAL,passenger,81.3,6.7,0
504826601,2026-08-26 11:10:00,26.92463,52.61484,14.8,342.9,341.0,MS CORAL,passenger,81.3,6.7,0
504826601,2026-08-26 11:20:00,26.96374,52.60047,14.6,343.8,348.0,MS CORAL,passenger,81.3,6.7,0
504826601,2026-08-26 11:30:00,27.00234,52.58628,14.1,340.9,346.0,MS CORAL,passenger,81.3,6.7,0
504826601,2026-08-26 11:40:00,27.03963,52.57257,14.2,340.5,340.0,MS CORAL,passenger,81.3,6.7,0
504826601,2026-08-26 11:50:00,27.07703,52.55882,14.5,341.8,340.0,MS CORAL,passenger,81.3,6.7,0
504826601,2026-08-26 12:00:00,27.11541,52.5447,14.3,341.2,339.0,MS CORAL,passenger,81.3,6.7,0
504826601,2026-08-26 12:10:00,27.15306,52.53084,15.0,342.2,345.0,MS CORAL,passenger,81.3,6.7,0
504826601,2026-08-26 12:20:00,27.19267,52.51626,14.3,341.7,340.0,MS CORAL,passenger,81.3,6.7,0
504826601,2026-08-26 12:30:00,27.23044,52.50234,13.8,340.5,336.0,MS CORAL,passenger,81.3,6.7,0
504826601,2026-08-26 12:40:00,27.2668,52.48895,13.9,340.7,346.0,MS CORAL,passenger,81.3,6.7,0
504826601,2026-08-26 12:50:00,27.23018,52.50244,14.4,163.2,163.0,MS CORAL,passenger,81.3,6.7,0
504826601,2026-08-26 13:00:00,27.19211,52.51645,14.6,161.0,163.0,MS CORAL,passenger,81.3,6.7,0
504826601,2026-08-26 13:10:00,27.15349,52.53066,14.6,161.3,164.0,MS CORAL,passenger,81.3,6.7,0
504826601,2026-08-26 13:20:00,27.11491,52.54486,14.6,161.3,158.0,MS CORAL,passenger,81.3,6.7,0
504826601,2026-08-26 13:30:00,27.07643,52.55901,14.1,162.0,163.0,MS CORAL,passenger,81.3,6.7,0
504826601,2026-08-26 13:40:00,27.03911,52.57273,14.2,161.9,164.0,MS CORAL,passenger,81.3,6.7,0
504826601,2026-08-26 13:50:00,27.00153,52.58654,14.6,163.4,166.0,MS CORAL,passenger,81.3,6.7,0
504826601,2026-08-26 14:00:00,26.96302,52.60069,14.2,163.6,160.0,MS CORAL,passenger,81.3,6.7,0
504826601,2026-08-26 14:10:00,26.92558,52.61444,14.7,161.9,161.0,MS CORAL,passenger,81.3,6.7,0
504826601,2026-08-26 14:20:00,26.88679,52.62868,14.0,161.7,157.0,MS CORAL,passenger,81.3,6.7,0
504826601,2026-08-26 14:30:00,26.84988,52.64223,14.7,163.4,159.0,MS CORAL,passenger,81.3,6.7,0
504826601,2026-08-26 14:40:00,26.81114,52.65644,14.5,161.1,160.0,MS CORAL,passenger,81.3,6.7,0
504826601,2026-08-26 14:50:00,26.77284,52.67049,14.6,161.8,167.0,MS CORAL,passenger,81.3,6.7,0
504826601,2026-08-26 15:00:00,26.73423,52.68465,14.3,162.9,162.0,MS CORAL,passenger,81.3,6.7,0
504826601,2026-08-26 15:10:00,26.69645,52.6985,14.6,161.4,162.0,MS CORAL,passenger,81.3,6.7,0
504826601,2026-08-26 15:20:00,26.73507,52.68434,14.4,341.0,344.0,MS CORAL,passenger,81.3,6.7,0
504826601,2026-08-26 15:30:00,26.77309,52.67039,14.6,342.5,346.0,MS CORAL,passenger,81.3,6.7,0
504826601,2026-08-26 15:40:00,26.81162,52.65625,14.8,341.5,343.0,MS CORAL,passenger,81.3,6.7,0
504826601,2026-08-26 15:50:00,26.85068,52.64192,14.3,341.9,340.0,MS CORAL,passenger,81.3,6.7,0
504826601,2026-08-26 16:00:00,26.88837,52.62808,14.8,342.2,341.0,MS CORAL,passenger,81.3,6.7,0
504826601,2026-08-26 16:10:00,26.92754,52.61369,14.7,339.7,336.0,MS CORAL,passenger,81.3,6.7,0
504826601,2026-08-26 16:20:00,26.96642,52.5994,14.6,341.9,343.0,MS CORAL,passenger,81.3,6.7,0
504826601,2026-08-26 16:30:00,27.00505,52.58521,14.1,341.8,348.0,MS CORAL,passenger,81.3,6.7,0
504826601,2026-08-26 16:40:00,27.04227,52.57152,14.6,342.0,341.0,MS CORAL,passenger,81.3,6.7,0
504826601,2026-08-26 16:50:00,27.08092,52.55731,14.3,339.7,343.0,MS CORAL,passenger,81.3,6.7,0
504826601,2026-08-26 17:00:00,27.11876,52.54338,14.7,340.3,340.0,MS CORAL,passenger,81.3,6.7,0
504826601,2026-08-26 17:10:00,27.15742,52.52916,14.2,340.9,342.0,MS CORAL,passenger,81.3,6.7,0
504826601,2026-08-26 17:20:00,27.19475,52.51541,13.9,342.5,344.0,MS CORAL,passenger,81.3,6.7,0
504826601,2026-08-26 17:30:00,27.23148,52.50188,14.4,339.4,339.0,MS CORAL,passenger,81.3,6.7,0
504826601,2026-08-26 17:40:00,27.26941,52.48791,14.8,339.1,341.0,MS CORAL,passenger,81.3,6.7,0
504826601,2026-08-26 17:50:00,27.2305,52.50224,14.1,162.7,160.0,MS CORAL,passenger,81.3,6.7,0
504826601,2026-08-26 18:00:00,27.19317,52.51598,14.5,162.4,167.0,MS CORAL,passenger,81.3,6.7,0
504826601,2026-08-26 18:10:00,27.15481,52.5301,14.4,162.2,157.0,MS CORAL,passenger,81.3,6.7,0
504826601,2026-08-26 18:20:00,27.11684,52.54407,14.7,161.1,160.0,MS CORAL,passenger,81.3,6.7,0
504826601,2026-08-26 18:30:00,27.07795,52.55837,14.4,160.3,163.0,MS CORAL,passenger,81.3,6.7,0
504826601,2026-08-26 18:40:00,27.03987,52.57237,14.7,162.2,157.0,MS CORAL,passenger,81.3,6.7,0
504826601,2026-08-26 18:50:00,27.00113,52.58661,14.4,162.6,156.0,MS CORAL,passenger,81.3,6.7,0
504826601,2026-08-26 19:00:00,26.96311,52.60058,14.2,162.7,163.0,MS CORAL,passenger,81.3,6.7,0
504826601,2026-08-26 19:10:00,26.92571,52.61431,14.5,163.7,163.0,MS CORAL,passenger,81.3,6.7,0
504826601,2026-08-26 19:20:00,26.88734,52.6284,14.6,164.6,161.0,MS CORAL,passenger,81.3,6.7,0
504826601,2026-08-26 19:30:00,26.8488,52.64255,14.2,162.3,163.0,MS CORAL,passenger,81.3,6.7,0
504826601,2026-08-26 19:40:00,26.81123,52.65633,14.3,160.8,169.0,MS CORAL,passenger,81.3,6.7,0
504826601,2026-08-26 19:50:00,26.77348,52.67018,14.5,161.1,165.0,MS CORAL,passenger,81.3,6.7,0
504826601,2026-08-26 20:00:00,26.73516,52.68423,14.4,161.6,164.0,MS CORAL,passenger,81.3,6.7,0
504826601,2026-08-26 20:10:00,26.69713,52.69817,14.1,162.2,168.0,MS CORAL,passenger,81.3,6.7,0
504826601,2026-08-26 20:20:00,26.73438,52.68451,14.6,341.5,340.0,MS CORAL,passenger,81.3,6.7,0
504826601,2026-08-26 20:30:00,26.77278,52.67042,14.3,341.6,341.0,MS CORAL,passenger,81.3,6.7,0
504826601,2026-08-26 20:40:00,26.81061,52.65654,14.7,340.1,344.0,MS CORAL,passenger,81.3,6.7,0
504826601,2026-08-26 20:50:00,26.84932,52.64234,14.3,342.2,338.0,MS CORAL,passenger,81.3,6.7,0
504826601,2026-08-26 21:00:00,26.88717,52.62844,14.8,343.1,345.0,MS CORAL,passenger,81.3,6.7,0
504826601,2026-08-26 21:10:00,26.92614,52.61412,14.1,342.7,343.0,MS CORAL,passenger,81.3,6.7,0
504826601,2026-08-26 21:20:00,26.96325,52.60049,14.0,341.8,343.0,MS CORAL,passenger,81.3,6.7,0
504826601,2026-08-26 21:30:00,27.00029,52.58688,14.6,342.0,343.0,MS CORAL,passenger,81.3,6.7,0
504826601,2026-08-26 21:40:00,27.03875,52.57274,14.8,343.1,333.0,MS CORAL,passenger,81.3,6.7,0
504826601,2026-08-26 21:50:00,27.07783,52.55836,14.4,341.7,337.0,MS CORAL,passenger,81.3,6.7,0
504826601,2026-08-26 22:00:00,27.11572,52.54442,14.5,343.1,339.0,MS CORAL,passenger,81.3,6.7,0
504826601,2026-08-26 22:10:00,27.15388,52.53038,14.5,341.0,340.0,MS CORAL,passenger,81.3,6.7,0
504826601,2026-08-26 22:20:00,27.1922,52.51627,14.8,341.3,343.0,MS CORAL,passenger,81.3,6.7,0
504826601,2026-08-26 22:30:00,27.23128,52.50188,14.0,343.7,344.0,MS CORAL,passenger,81.3,6.7,0
504826601,2026-08-26 22:40:00,27.26814,52.4883,14.4,342.4,338.0,MS CORAL,passenger,81.3,6.7,0
504826601,2026-08-26 22:50:00,27.23016,52.50228,14.7,161.5,161.0,MS CORAL,passenger,81.3,6.7,0
504826601,2026-08-26 23:00:00,27.19128,52.5166,14.3,161.3,164.0,MS CORAL,passenger,81.3,6.7,0
504826601,2026-08-26 23:10:00,27.1535,52.5305,14.5,162.5,162.0,MS CORAL,passenger,81.3,6.7,0
504826601,2026-08-26 23:20:00,27.11523,52.54458,14.6,161.4,169.0,MS CORAL,passenger,81.3,6.7,0
504826601,2026-08-26 23:30:00,27.07679,52.55872,14.1,163.1,166.0,MS CORAL,passenger,81.3,6.7,0
504826601,2026-08-26 23:40:00,27.03972,52.57235,14.2,164.1,165.0,MS CORAL,passenger,81.3,6.7,0
504826601,2026-08-26 23:50:00,27.00218,52.58614,14.7,161.9,161.0,MS CORAL,passenger,81.3,6.7,0
504826601,2026-08-27 00:00:00,26.96344,52.60038,14.4,162.3,166.0,MS CORAL,passenger,81.3,6.7,0
517259617,2026-08-26 00:00:00,26.47939,52.48941,15.4,239.4,242.0,MV ZUARI,cargo,141.0,10.5,0
517259617,2026-08-26 00:10:00,26.45816,52.44794,15.4,240.8,237.0,MV ZUARI,cargo,141.0,10.5,0
517259617,2026-08-26 00:20:00,26.43692,52.40645,15.2,241.0,241.0,MV ZUARI,cargo,141.0,10.5,0
517259617,2026-08-26 00:30:00,26.41598,52.36556,15.8,239.7,238.0,MV ZUARI,cargo,141.0,10.5,0
517259617,2026-08-26 00:40:00,26.39425,52.32315,15.9,238.7,244.0,MV ZUARI,cargo,141.0,10.5,0
517259617,2026-08-26 00:50:00,26.37238,52.28045,15.9,241.1,238.0,MV ZUARI,cargo,141.0,10.5,0
517259617,2026-08-26 01:00:00,26.35051,52.23779,15.3,240.0,236.0,MV ZUARI,cargo,141.0,10.5,0
517259617,2026-08-26 01:10:00,26.32939,52.19657,15.3,240.9,242.0,MV ZUARI,cargo,141.0,10.5,0
517259617,2026-08-26 01:20:00,26.30831,52.15545,15.3,240.9,242.0,MV ZUARI,cargo,141.0,10.5,0
517259617,2026-08-26 01:30:00,26.28727,52.1144,15.9,240.8,243.0,MV ZUARI,cargo,141.0,10.5,0
517259617,2026-08-26 01:40:00,26.26534,52.07164,15.7,241.2,236.0,MV ZUARI,cargo,141.0,10.5,0
517259617,2026-08-26 01:50:00,26.24377,52.02959,15.5,240.2,240.0,MV ZUARI,cargo,141.0,10.5,0
517259617,2026-08-26 02:00:00,26.2224,51.98794,15.6,240.9,241.0,MV ZUARI,cargo,141.0,10.5,0
517259617,2026-08-26 02:10:00,26.20084,51.94592,15.5,239.5,244.0,MV ZUARI,cargo,141.0,10.5,0
517259617,2026-08-26 02:20:00,26.17949,51.90432,15.6,239.2,240.0,MV ZUARI,cargo,141.0,10.5,0
517259617,2026-08-26 02:30:00,26.15797,51.86238,15.1,240.3,240.0,MV ZUARI,cargo,141.0,10.5,0
517259617,2026-08-26 02:40:00,26.13716,51.82185,15.4,241.8,237.0,MV ZUARI,cargo,141.0,10.5,0
517259617,2026-08-26 02:50:00,26.11595,51.78055,15.7,242.4,243.0,MV ZUARI,cargo,141.0,10.5,0
517259617,2026-08-26 03:00:00,26.13759,51.82272,15.5,59.1,56.0,MV ZUARI,cargo,141.0,10.5,0
517259617,2026-08-26 03:10:00,26.15897,51.86441,15.4,59.6,58.0,MV ZUARI,cargo,141.0,10.5,0
517259617,2026-08-26 03:20:00,26.18023,51.90584,15.5,60.1,62.0,MV ZUARI,cargo,141.0,10.5,0
517259617,2026-08-26 03:30:00,26.20151,51.94735,15.2,59.6,60.0,MV ZUARI,cargo,141.0,10.5,0
517259617,2026-08-26 03:40:00,26.22248,51.98825,15.5,62.1,61.0,MV ZUARI,cargo,141.0,10.5,0
517259617,2026-08-26 03:50:00,26.24381,52.02985,15.1,60.7,62.0,MV ZUARI,cargo,141.0,10.5,0
517259617,2026-08-26 04:00:00,26.26465,52.07051,15.5,59.0,66.0,MV ZUARI,cargo,141.0,10.5,0
517259617,2026-08-26 04:10:00,26.286,52.11218,15.3,60.9,61.0,MV ZUARI,cargo,141.0,10.5,0
517259617,2026-08-26 04:20:00,26.30703,52.15322,15.7,62.0,62.0,MV ZUARI,cargo,141.0,10.5,0
517259617,2026-08-26 04:30:00,26.32863,52.19539,15.4,61.3,58.0,MV ZUARI,cargo,141.0,10.5,0
517259617,2026-08-26 04:40:00,26.34983,52.23679,15.6,59.0,57.0,MV ZUARI,cargo,141.0,10.5,0
517259617,2026-08-26 04:50:00,26.37128,52.27869,15.5,60.6,55.0,MV ZUARI,cargo,141.0,10.5,0
517259617,2026-08-26 05:00:00,26.3927,52.32051,15.7,59.4,64.0,MV ZUARI,cargo,141.0,10.5,0
517259617,2026-08-26 05:10:00,26.41426,52.36265,15.4,59.1,60.0,MV ZUARI,cargo,141.0,10.5,0
517259617,2026-08-26 05:20:00,26.43554,52.40422,15.3,61.5,60.0,MV ZUARI,cargo,141.0,10.5,0
517259617,2026-08-26 05:30:00,26.45662,52.44541,15.5,60.8,57.0,MV ZUARI,cargo,141.0,10.5,0
517259617,2026-08-26 05:40:00,26.47796,52.48713,15.2,60.7,57.0,MV ZUARI,cargo,141.0,10.5,0
517259617,2026-08-26 05:50:00,26.49891,52.5281,15.3,61.1,62.0,MV ZUARI,cargo,141.0,10.5,0
517259617,2026-08-26 06:00:00,26.51993,52.56919,15.2,59.6,58.0,MV ZUARI,cargo,141.0,10.5,0
517259617,2026-08-26 06:10:00,26.54089,52.61019,16.0,61.1,59.0,MV ZUARI,cargo,141.0,10.5,0
517259617,2026-08-26 06:20:00,26.5629,52.65324,15.7,58.9,58.0,MV ZUARI,cargo,141.0,10.5,0
517259617,2026-08-26 06:30:00,26.58449,52.69549,15.6,60.7,60.0,MV ZUARI,cargo,141.0,10.5,0
517259617,2026-08-26 06:40:00,26.56305,52.65357,15.6,240.3,240.0,MV ZUARI,cargo,141.0,10.5,0
517259617,2026-08-26 06:50:00,26.54155,52.61156,15.5,239.8,241.0,MV ZUARI,cargo,141.0,10.5,0
517259617,2026-08-26 07:00:00,26.52025,52.56992,15.6,240.4,237.0,MV ZUARI,cargo,141.0,10.5,0
517259617,2026-08-26 07:10:00,26.4987,52.52781,15.3,240.6,245.0,MV ZUARI,cargo,141.0,10.5,0
517259617,2026-08-26 07:20:00,26.47764,52.48666,15.6,239.8,241.0,MV ZUARI,cargo,141.0,10.5,0
517259617,2026-08-26 07:30:00,26.45618,52.44475,15.2,241.6,241.0,MV ZUARI,cargo,141.0,10.5,0
517259617,2026-08-26 07:40:00,26.43516,52.4037,15.4,240.1,239.0,MV ZUARI,cargo,141.0,10.5,0
517259617,2026-08-26 07:50:00,26.41398,52.36236,15.9,240.0,241.0,MV ZUARI,cargo,141.0,10.5,0
517259617,2026-08-26 08:00:00,26.39212,52.31968,15.7,239.5,241.0,MV ZUARI,cargo,141.0,10.5,0
517259617,2026-08-26 08:10:00,26.37052,52.27751,15.6,238.7,241.0,MV ZUARI,cargo,141.0,10.5,0
517259617,2026-08-26 08:20:00,26.34902,52.23555,15.5,240.4,240.0,MV ZUARI,cargo,141.0,10.5,0
517259617,2026-08-26 08:30:00,26.32763,52.19382,15.6,241.6,237.0,MV ZUARI,cargo,141.0,10.5,0
517259617,2026-08-26 08:40:00,26.30613,52.15188,15.4,240.9,242.0,MV ZUARI,cargo,141.0,10.5,0
517259617,2026-08-26 08:50:00,26.28484,52.11036,15.6,243.0,242.0,MV ZUARI,cargo,141.0,10.5,0
517259617,2026-08-26 09:00:00,26.26327,52.06831,15.8,239.9,237.0,MV ZUARI,cargo,141.0,10.5,0
517259617,2026-08-26 09:10:00,26.24148,52.02581,15.5,241.0,241.0,MV ZUARI,cargo,141.0,10.5,0
517259617,2026-08-26 09:20:00,26.22018,51.98429,15.6,240.0,239.0,MV ZUARI,cargo,141.0,10.5,0
517259617,2026-08-26 09:30:00,26.19863,51.9423,15.5,241.0,243.0,MV ZUARI,cargo,141.0,10.5,0
517259617,2026-08-26 09:40:00,26.17729,51.90071,15.3,241.0,238.0,MV ZUARI,cargo,141.0,10.5,0
517259617,2026-08-26 09:50:00,26.15623,51.85968,15.7,240.1,245.0,MV ZUARI,cargo,141.0,10.5,0
517259617,2026-08-26 10:00:00,26.13466,51.81766,15.4,240.4,242.0,MV ZUARI,cargo,141.0,10.5,0
517259617,2026-08-26 10:10:00,26.11339,51.77625,15.3,240.2,239.0,MV ZUARI,cargo,141.0,10.5,0
517259617,2026-08-26 10:20:00,26.13449,51.81737,15.4,59.8,64.0,MV ZUARI,cargo,141.0,10.5,0
517259617,2026-08-26 10:30:00,26.15571,51.85873,15.4,60.8,61.0,MV ZUARI,cargo,141.0,10.5,0
517259617,2026-08-26 10:40:00,26.1769,51.90004,15.2,60.8,56.0,MV ZUARI,cargo,141.0,10.5,0
517259617,2026-08-26 10:50:00,26.19781,51.94082,15.7,59.7,60.0,MV ZUARI,cargo,141.0,10.5,0
517259617,2026-08-26 11:00:00,26.21942,51.98297,15.2,60.4,63.0,MV ZUARI,cargo,141.0,10.5,0
517259617,2026-08-26 11:10:00,26.24037,52.02384,15.3,59.6,62.0,MV ZUARI,cargo,141.0,10.5,0
517259617,2026-08-26 11:20:00,26.26149,52.06504,15.7,57.8,66.0,MV ZUARI,cargo,141.0,10.5,0
517259617,2026-08-26 11:30:00,26.28305,52.10711,15.7,60.9,60.0,MV ZUARI,cargo,141.0,10.5,0
517259617,2026-08-26 11:40:00,26.30463,52.14923,15.1,60.9,59.0,MV ZUARI,cargo,141.0,10.5,0
517259617,2026-08-26 11:50:00,26.32538,52.18975,15.7,60.0,61.0,MV ZUARI,cargo,141.0,10.5,0
517259617,2026-08-26 12:00:00,26.34697,52.23189,15.3,61.1,57.0,MV ZUARI,cargo,141.0,10.5,0
517259617,2026-08-26 12:10:00,26.36809,52.27315,16.1,62.5,65.0,MV ZUARI,cargo,141.0,10.5,0
517259617,2026-08-26 12:20:00,26.39026,52.31645,15.9,60.2,64.0,MV ZUARI,cargo,141.0,10.5,0
517259617,2026-08-26 12:30:00,26.4121,52.35911,15.5,58.7,65.0,MV ZUARI,cargo,141.0,10.5,0
517259617,2026-08-26 12:40:00,26.43346,52.40085,15.8,60.2,57.0,MV ZUARI,cargo,141.0,10.5,0
517259617,2026-08-26 12:50:00,26.45524,52.44342,15.4,58.4,63.0,MV ZUARI,cargo,141.0,10.5,0
517259617,2026-08-26 13:00:00,26.47644,52.48485,15.1,60.5,58.0,MV ZUARI,cargo,141.0,10.5,0
517259617,2026-08-26 13:10:00,26.49728,52.5256,15.2,60.5,59.0,MV ZUARI,cargo,141.0,10.5,0
517259617,2026-08-26 13:20:00,26.51818,52.56647,15.7,59.0,58.0,MV ZUARI,cargo,141.0,10.5,0
517259617,2026-08-26 13:30:00,26.53987,52.60888,14.9,58.1,66.0,MV ZUARI,cargo,141.0,10.5,0
517259617,2026-08-26 13:40:00,26.56044,52.64913,16.1,60.3,58.0,MV ZUARI,cargo,141.0,10.5,0
517259617,2026-08-26 13:50:00,26.58255,52.69239,15.5,61.1,59.0,MV ZUARI,cargo,141.0,10.5,0
517259617,2026-08-26 14:00:00,26.56125,52.65074,15.6,240.2,239.0,MV ZUARI,cargo,141.0,10.5,0
517259617,2026-08-26 14:10:00,26.53976,52.60874,15.4,240.5,237.0,MV ZUARI,cargo,141.0,10.5,0
517259617,2026-08-26 14:20:00,26.51853,52.56725,15.6,239.8,241.0,MV ZUARI,cargo,141.0,10.5,0
517259617,2026-08-26 14:30:00,26.49697,52.52512,15.9,240.1,243.0,MV ZUARI,cargo,141.0,10.5,0
517259617,2026-08-26 14:40:00,26.47509,52.48237,15.1,239.8,240.0,MV ZUARI,cargo,141.0,10.5,0
517259617,2026-08-26 14:50:00,26.4543,52.44176,16.0,238.3,240.0,MV ZUARI,cargo,141.0,10.5,0
517259617,2026-08-26 15:00:00,26.43223,52.39866,15.9,239.5,240.0,MV ZUARI,cargo,141.0,10.5,0
517259617,2026-08-26 15:10:00,26.41032,52.35588,15.6,240.4,245.0,MV ZUARI,cargo,141.0,10.5,0
517259617,2026-08-26 15:20:00,26.38879,52.31387,15.6,241.6,239.0,MV ZUARI,cargo,141.0,10.5,0
517259617,2026-08-26 15:30:00,26.36723,52.27179,15.3,240.0,237.0,MV ZUARI,cargo,141.0,10.5,0
517259617,2026-08-26 15:40:00,26.34608,52.23051,15.7,239.9,238.0,MV ZUARI,cargo,141.0,10.5,0
517259617,2026-08-26 15:50:00,26.32451,52.18842,15.7,239.1,243.0,MV ZUARI,cargo,141.0,10.5,0
517259617,2026-08-26 16:00:00,26.30293,52.14632,15.4,241.4,239.0,MV ZUARI,cargo,141.0,10.5,0
517259617,2026-08-26 16:10:00,26.28168,52.10489,15.7,240.4,242.0,MV ZUARI,cargo,141.0,10.5,0
517259617,2026-08-26 16:20:00,26.26006,52.06273,15.6,238.6,243.0,MV ZUARI,cargo,141.0,10.5,0
517259617,2026-08-26 16:30:00,26.23861,52.02092,15.5,241.0,242.0,MV ZUARI,cargo,141.0,10.5,0
517259617,2026-08-26 16:40:00,26.21724,51.97925,15.3,239.3,242.0,MV ZUARI,cargo,141.0,10.5,0
517259617,2026-08-26 16:50:00,26.1961,51.93805,15.5,241.2,240.0,MV ZUARI,cargo,141.0,10.5,0
517259617,2026-08-26 17:00:00,26.17479,51.89654,15.8,240.7,241.0,MV ZUARI,cargo,141.0,10.5,0
517259617,2026-08-26 17:10:00,26.15303,51.85415,15.4,240.5,244.0,MV ZUARI,cargo,141.0,10.5,0
517259617,2026-08-26 17:20:00,26.13175,51.8127,15.5,240.8,240.0,MV ZUARI,cargo,141.0,10.5,0
517259617,2026-08-26 17:30:00,26.11037,51.77105,15.6,242.0,244.0,MV ZUARI,cargo,141.0,10.5,0
517259617,2026-08-26 17:40:00,26.1318,51.81283,15.6,60.5,58.0,MV ZUARI,cargo,141.0,10.5,0
517259617,2026-08-26 17:50:00,26.15323,51.85459,15.5,60.6,63.0,MV ZUARI,cargo,141.0,10.5,0
517259617,2026-08-26 18:00:00,26.17456,51.89618,15.7,59.1,63.0,MV ZUARI,cargo,141.0,10.5,0
517259617,2026-08-26 18:10:00,26.19622,51.93841,15.5,59.3,64.0,MV ZUARI,cargo,141.0,10.5,0
517259617,2026-08-26 18:20:00,26.21758,51.98007,15.9,60.5,62.0,MV ZUARI,cargo,141.0,10.5,0
517259617,2026-08-26 18:30:00,26.23948,52.02279,15.7,61.6,62.0,MV ZUARI,cargo,141.0,10.5,0
517259617,2026-08-26 18:40:00,26.26114,52.06505,15.2,62.3,63.0,MV ZUARI,cargo,141.0,10.5,0
517259617,2026-08-26 18:50:00,26.28208,52.10591,15.4,59.2,62.0,MV ZUARI,cargo,141.0,10.5,0
517259617,2026-08-26 19:00:00,26.3033,52.14733,15.5,60.6,62.0,MV ZUARI,cargo,141.0,10.5,0
517259617,2026-08-26 19:10:00,26.3246,52.18891,15.4,59.1,61.0,MV ZUARI,cargo,141.0,10.5,0
517259617,2026-08-26 19:20:00,26.3458,52.2303,15.4,60.4,56.0,MV ZUARI,cargo,141.0,10.5,0
517259617,2026-08-26 19:30:00,26.36701,52.27172,15.5,61.0,62.0,MV ZUARI,cargo,141.0,10.5,0
517259617,2026-08-26 19:40:00,26.38832,52.31334,15.3,59.1,60.0,MV ZUARI,cargo,141.0,10.5,0
517259617,2026-08-26 19:50:00,26.40944,52.35461,15.7,60.6,59.0,MV ZUARI,cargo,141.0,10.5,0
517259617,2026-08-26 20:00:00,26.43103,52.39679,15.6,61.7,61.0,MV ZUARI,cargo,141.0,10.5,0
517259617,2026-08-26 20:10:00,26.45253,52.43881,15.1,60.4,66.0,MV ZUARI,cargo,141.0,10.5,0
517259617,2026-08-26 20:20:00,26.47336,52.47953,15.2,60.3,60.0,MV ZUARI,cargo,141.0,10.5,0
517259617,2026-08-26 20:30:00,26.49431,52.52049,15.6,60.4,64.0,MV ZUARI,cargo,141.0,10.5,0
517259617,2026-08-26 20:40:00,26.51574,52.56239,15.6,61.5,60.0,MV ZUARI,cargo,141.0,10.5,0
517259617,2026-08-26 20:50:00,26.53717,52.60429,15.4,59.6,55.0,MV ZUARI,cargo,141.0,10.5,0
517259617,2026-08-26 21:00:00,26.55844,52.64591,15.6,62.3,62.0,MV ZUARI,cargo,141.0,10.5,0
517259617,2026-08-26 21:10:00,26.57993,52.68795,15.7,59.8,60.0,MV ZUARI,cargo,141.0,10.5,0
517259617,2026-08-26 21:20:00,26.55829,52.64564,15.8,242.3,245.0,MV ZUARI,cargo,141.0,10.5,0
517259617,2026-08-26 21:30:00,26.53654,52.60313,15.7,240.3,241.0,MV ZUARI,cargo,141.0,10.5,0
517259617,2026-08-26 21:40:00,26.51485,52.56075,15.3,238.8,237.0,MV ZUARI,cargo,141.0,10.5,0
517259617,2026-08-26 21:50:00,26.49371,52.51943,15.5,240.0,236.0,MV ZUARI,cargo,141.0,10.5,0
517259617,2026-08-26 22:00:00,26.47228,52.47758,15.5,239.9,237.0,MV ZUARI,cargo,141.0,10.5,0
517259617,2026-08-26 22:10:00,26.45089,52.43579,15.4,239.9,238.0,MV ZUARI,cargo,141.0,10.5,0
517259617,2026-08-26 22:20:00,26.42961,52.39424,15.8,238.3,234.0,MV ZUARI,cargo,141.0,10.5,0
517259617,2026-08-26 22:30:00,26.40788,52.35182,15.5,240.3,241.0,MV ZUARI,cargo,141.0,10.5,0
517259617,2026-08-26 22:40:00,26.38647,52.31003,15.4,239.3,240.0,MV ZUARI,cargo,141.0,10.5,0
517259617,2026-08-26 22:50:00,26.36525,52.26861,15.4,241.8,239.0,MV ZUARI,cargo,141.0,10.5,0
517259617,2026-08-26 23:00:00,26.344,52.22713,15.5,242.7,240.0,MV ZUARI,cargo,141.0,10.5,0
517259617,2026-08-26 23:10:00,26.32261,52.1854,15.7,240.9,242.0,MV ZUARI,cargo,141.0,10.5,0
517259617,2026-08-26 23:20:00,26.30101,52.14327,15.6,240.4,241.0,MV ZUARI,cargo,141.0,10.5,0
517259617,2026-08-26 23:30:00,26.2795,52.10132,15.4,240.6,246.0,MV ZUARI,cargo,141.0,10.5,0
517259617,2026-08-26 23:40:00,26.25829,52.05997,15.8,240.5,243.0,MV ZUARI,cargo,141.0,10.5,0
517259617,2026-08-26 23:50:00,26.23647,52.01742,15.3,240.0,243.0,MV ZUARI,cargo,141.0,10.5,0
517259617,2026-08-27 00:00:00,26.21536,51.97628,15.9,239.5,239.0,MV ZUARI,cargo,141.0,10.5,0
561125210,2026-08-26 00:00:00,26.93789,52.20428,9.8,353.4,351.0,MT SATPURA,tanker,185.2,13.2,0
561125210,2026-08-26 00:10:00,26.96495,52.20087,10.2,352.6,351.0,MT SATPURA,tanker,185.2,13.2,0
561125210,2026-08-26 00:20:00,26.99311,52.19733,9.9,351.7,357.0,MT SATPURA,tanker,185.2,13.2,0
561125210,2026-08-26 00:30:00,27.02045,52.19389,9.9,354.5,355.0,MT SATPURA,tanker,185.2,13.2,0
561125210,2026-08-26 00:40:00,27.04783,52.19044,9.7,352.5,353.0,MT SATPURA,tanker,185.2,13.2,0
561125210,2026-08-26 00:50:00,27.07467,52.18706,9.5,354.1,356.0,MT SATPURA,tanker,185.2,13.2,0
561125210,2026-08-26 01:00:00,27.10095,52.18375,10.1,354.0,356.0,MT SATPURA,tanker,185.2,13.2,0
561125210,2026-08-26 01:10:00,27.12891,52.18023,9.7,353.1,355.0,MT SATPURA,tanker,185.2,13.2,0
561125210,2026-08-26 01:20:00,27.15566,52.17686,9.7,353.9,350.0,MT SATPURA,tanker,185.2,13.2,0
561125210,2026-08-26 01:30:00,27.18234,52.1735,9.5,354.2,356.0,MT SATPURA,tanker,185.2,13.2,0
561125210,2026-08-26 01:40:00,27.20868,52.17018,9.5,354.3,352.0,MT SATPURA,tanker,185.2,13.2,0
561125210,2026-08-26 01:50:00,27.23495,52.16686,9.8,355.0,356.0,MT SATPURA,tanker,185.2,13.2,0
561125210,2026-08-26 02:00:00,27.26191,52.16346,10.0,355.5,351.0,MT SATPURA,tanker,185.2,13.2,0
561125210,2026-08-26 02:10:00,27.28941,52.16,9.5,352.9,353.0,MT SATPURA,tanker,185.2,13.2,0
561125210,2026-08-26 02:20:00,27.26314,52.16331,9.2,173.4,172.0,MT SATPURA,tanker,185.2,13.2,0
561125210,2026-08-26 02:30:00,27.23781,52.1665,10.0,174.0,172.0,MT SATPURA,tanker,185.2,13.2,0
561125210,2026-08-26 02:40:00,27.21032,52.16997,9.9,174.3,171.0,MT SATPURA,tanker,185.2,13.2,0
561125210,2026-08-26 02:50:00,27.18297,52.17342,9.6,171.4,170.0,MT SATPURA,tanker,185.2,13.2,0
561125210,2026-08-26 03:00:00,27.15636,52.17677,9.6,173.7,171.0,MT SATPURA,tanker,185.2,13.2,0
561125210,2026-08-26 03:10:00,27.12992,52.1801,9.6,172.4,174.0,MT SATPURA,tanker,185.2,13.2,0
561125210,2026-08-26 03:20:00,27.10333,52.18345,9.9,174.0,174.0,MT SATPURA,tanker,185.2,13.2,0
561125210,2026-08-26 03:30:00,27.07609,52.18688,9.4,173.0,172.0,MT SATPURA,tanker,185.2,13.2,0
561125210,2026-08-26 03:40:00,27.0502,52.19014,9.7,173.7,178.0,MT SATPURA,tanker,185.2,13.2,0
561125210,2026-08-26 03:50:00,27.02353,52.19349,10.0,172.6,176.0,MT SATPURA,tanker,185.2,13.2,0
561125210,2026-08-26 04:00:00,26.99602,52.19695,9.9,172.8,176.0,MT SATPURA,tanker,185.2,13.2,0
561125210,2026-08-26 04:10:00,26.96863,52.2004,9.7,172.2,175.0,MT SATPURA,tanker,185.2,13.2,0
561125210,2026-08-26 04:20:00,26.94179,52.20378,9.8,173.4,173.0,MT SATPURA,tanker,185.2,13.2,0
561125210,2026-08-26 04:30:00,26.91469,52.20718,9.6,174.2,173.0,MT SATPURA,tanker,185.2,13.2,0
561125210,2026-08-26 04:40:00,26.88824,52.21051,9.8,174.0,170.0,MT SATPURA,tanker,185.2,13.2,0
561125210,2026-08-26 04:50:00,26.86118,52.21391,9.5,171.4,175.0,MT SATPURA,tanker,185.2,13.2,0
561125210,2026-08-26 05:00:00,26.83484,52.21722,9.5,173.7,175.0,MT SATPURA,tanker,185.2,13.2,0
561125210,2026-08-26 05:10:00,26.80873,52.2205,9.9,172.4,173.0,MT SATPURA,tanker,185.2,13.2,0
561125210,2026-08-26 05:20:00,26.78137,52.22393,10.2,175.3,177.0,MT SATPURA,tanker,185.2,13.2,0
561125210,2026-08-26 05:30:00,26.75327,52.22746,9.9,172.6,176.0,MT SATPURA,tanker,185.2,13.2,0
561125210,2026-08-26 05:40:00,26.72608,52.23087,9.7,174.2,172.0,MT SATPURA,tanker,185.2,13.2,0
561125210,2026-08-26 05:50:00,26.69924,52.23424,9.7,173.8,174.0,MT SATPURA,tanker,185.2,13.2,0
561125210,2026-08-26 06:00:00,26.67241,52.23761,9.9,173.0,170.0,MT SATPURA,tanker,185.2,13.2,0
561125210,2026-08-26 06:10:00,26.64512,52.24103,10.2,176.1,175.0,MT SATPURA,tanker,185.2,13.2,0
561125210,2026-08-26 06:20:00,26.61706,52.24455,9.4,172.8,175.0,MT SATPURA,tanker,185.2,13.2,0
561125210,2026-08-26 06:30:00,26.59102,52.24782,10.1,172.4,173.0,MT SATPURA,tanker,185.2,13.2,0
561125210,2026-08-26 06:40:00,26.56315,52.25131,9.8,174.5,173.0,MT SATPURA,tanker,185.2,13.2,0
561125210,2026-08-26 06:50:00,26.53606,52.2547,9.4,174.2,177.0,MT SATPURA,tanker,185.2,13.2,0
561125210,2026-08-26 07:00:00,26.51019,52.25794,9.7,174.0,172.0,MT SATPURA,tanker,185.2,13.2,0
561125210,2026-08-26 07:10:00,26.4833,52.26131,9.6,174.6,175.0,MT SATPURA,tanker,185.2,13.2,0
561125210,2026-08-26 07:20:00,26.45693,52.26461,9.9,175.1,170.0,MT SATPURA,tanker,185.2,13.2,0
561125210,2026-08-26 07:30:00,26.42965,52.26803,9.6,173.8,172.0,MT SATPURA,tanker,185.2,13.2,0
561125210,2026-08-26 07:40:00,26.40308,52.27136,10.0,173.4,171.0,MT SATPURA,tanker,185.2,13.2,0
561125210,2026-08-26 07:50:00,26.37559,52.2748,9.8,173.8,176.0,MT SATPURA,tanker,185.2,13.2,0
561125210,2026-08-26 08:00:00,26.3486,52.27817,9.9,174.1,175.0,MT SATPURA,tanker,185.2,13.2,0
561125210,2026-08-26 08:10:00,26.32138,52.28158,9.7,172.9,174.0,MT SATPURA,tanker,185.2,13.2,0
561125210,2026-08-26 08:20:00,26.29456,52.28493,9.7,175.3,178.0,MT SATPURA,tanker,185.2,13.2,0
561125210,2026-08-26 08:30:00,26.26784,52.28827,9.9,174.0,173.0,MT SATPURA,tanker,185.2,13.2,0
561125210,2026-08-26 08:40:00,26.24045,52.2917,9.5,173.4,174.0,MT SATPURA,tanker,185.2,13.2,0
561125210,2026-08-26 08:50:00,26.21437,52.29496,9.8,174.1,176.0,MT SATPURA,tanker,185.2,13.2,0
561125210,2026-08-26 09:00:00,26.18727,52.29834,9.6,172.9,178.0,MT SATPURA,tanker,185.2,13.2,0
561125210,2026-08-26 09:10:00,26.16079,52.30165,10.0,173.2,173.0,MT SATPURA,tanker,185.2,13.2,0
561125210,2026-08-26 09:20:00,26.13331,52.30508,9.7,173.6,175.0,MT SATPURA,tanker,185.2,13.2,0
561125210,2026-08-26 09:30:00,26.10643,52.30844,10.4,173.8,176.0,MT SATPURA,tanker,185.2,13.2,0
561125210,2026-08-26 09:40:00,26.13513,52.30485,9.3,353.1,357.0,MT SATPURA,tanker,185.2,13.2,0
561125210,2026-08-26 09:50:00,26.16092,52.30163,9.9,349.2,356.0,MT SATPURA,tanker,185.2,13.2,0
561125210,2026-08-26 10:00:00,26.18814,52.29823,10.2,351.6,358.0,MT SATPURA,tanker,185.2,13.2,0
561125210,2026-08-26 10:10:00,26.21642,52.2947,9.1,354.5,354.0,MT SATPURA,tanker,185.2,13.2,0
561125210,2026-08-26 10:20:00,26.24145,52.29157,9.2,354.0,357.0,MT SATPURA,tanker,185.2,13.2,0
561125210,2026-08-26 10:30:00,26.26678,52.2884,9.9,354.2,352.0,MT SATPURA,tanker,185.2,13.2,0
561125210,2026-08-26 10:40:00,26.29398,52.285,9.3,354.3,359.0,MT SATPURA,tanker,185.2,13.2,0
561125210,2026-08-26 10:50:00,26.31965,52.28179,10.1,351.6,349.0,MT SATPURA,tanker,185.2,13.2,0
561125210,2026-08-26 11:00:00,26.34737,52.27832,9.6,352.0,354.0,MT SATPURA,tanker,185.2,13.2,0
561125210,2026-08-26 11:10:00,26.37374,52.27502,9.9,352.2,356.0,MT SATPURA,tanker,185.2,13.2,0
561125210,2026-08-26 11:20:00,26.40096,52.27161,9.9,353.1,353.0,MT SATPURA,tanker,185.2,13.2,0
561125210,2026-08-26 11:30:00,26.42832,52.26819,9.3,353.3,354.0,MT SATPURA,tanker,185.2,13.2,0
561125210,2026-08-26 11:40:00,26.45393,52.26498,9.8,354.0,354.0,MT SATPURA,tanker,185.2,13.2,0
561125210,2026-08-26 11:50:00,26.48099,52.26159,9.7,353.9,357.0,MT SATPURA,tanker,185.2,13.2,0
561125210,2026-08-26 12:00:00,26.50776,52.25824,9.7,353.9,353.0,MT SATPURA,tanker,185.2,13.2,0
561125210,2026-08-26 12:10:00,26.53464,52.25487,9.6,354.1,352.0,MT SATPURA,tanker,185.2,13.2,0
561125210,2026-08-26 12:20:00,26.56114,52.25155,9.9,353.6,353.0,MT SATPURA,tanker,185.2,13.2,0
561125210,2026-08-26 12:30:00,26.58836,52.24813,9.7,353.1,349.0,MT SATPURA,tanker,185.2,13.2,0
561125210,2026-08-26 12:40:00,26.61508,52.24478,9.9,353.8,356.0,MT SATPURA,tanker,185.2,13.2,0
561125210,2026-08-26 12:50:00,26.6423,52.24137,9.6,355.5,352.0,MT SATPURA,tanker,185.2,13.2,0
561125210,2026-08-26 13:00:00,26.66888,52.23804,9.6,352.6,348.0,MT SATPURA,tanker,185.2,13.2,0
561125210,2026-08-26 13:10:00,26.69522,52.23473,10.2,355.0,355.0,MT SATPURA,tanker,185.2,13.2,0
561125210,2026-08-26 13:20:00,26.72323,52.23121,9.5,355.4,353.0,MT SATPURA,tanker,185.2,13.2,0
561125210,2026-08-26 13:30:00,26.74956,52.22791,9.7,355.0,356.0,MT SATPURA,tanker,185.2,13.2,0
561125210,2026-08-26 13:40:00,26.77632,52.22455,10.3,353.9,352.0,MT SATPURA,tanker,185.2,13.2,0
561125210,2026-08-26 13:50:00,26.80479,52.22097,9.6,351.8,353.0,MT SATPURA,tanker,185.2,13.2,0
561125210,2026-08-26 14:00:00,26.83132,52.21764,10.1,354.2,354.0,MT SATPURA,tanker,185.2,13.2,0
561125210,2026-08-26 14:10:00,26.85905,52.21415,9.5,353.8,357.0,MT SATPURA,tanker,185.2,13.2,0
561125210,2026-08-26 14:20:00,26.88532,52.21085,9.9,353.8,351.0,MT SATPURA,tanker,185.2,13.2,0
561125210,2026-08-26 14:30:00,26.91256,52.20743,10.0,350.5,355.0,MT SATPURA,tanker,185.2,13.2,0
561125210,2026-08-26 14:40:00,26.94011,52.20396,10.4,352.1,353.0,MT SATPURA,tanker,185.2,13.2,0
561125210,2026-08-26 14:50:00,26.96883,52.20035,9.8,353.1,357.0,MT SATPURA,tanker,185.2,13.2,0
561125210,2026-08-26 15:00:00,26.99577,52.19696,9.9,353.8,356.0,MT SATPURA,tanker,185.2,13.2,0
561125210,2026-08-26 15:10:00,27.02305,52.19353,9.8,356.8,354.0,MT SATPURA,tanker,185.2,13.2,0
561125210,2026-08-26 15:20:00,27.05001,52.19013,9.8,351.9,352.0,MT SATPURA,tanker,185.2,13.2,0
561125210,2026-08-26 15:30:00,27.07709,52.18672,10.1,352.3,347.0,MT SATPURA,tanker,185.2,13.2,0
561125210,2026-08-26 15:40:00,27.10483,52.18323,9.8,355.0,354.0,MT SATPURA,tanker,185.2,13.2,0
561125210,2026-08-26 15:50:00,27.1318,52.17983,9.7,351.7,355.0,MT SATPURA,tanker,185.2,13.2,0
561125210,2026-08-26 16:00:00,27.15852,52.17646,9.9,351.8,357.0,MT SATPURA,tanker,185.2,13.2,0
561125210,2026-08-26 16:10:00,27.18593,52.17301,10.0,354.7,355.0,MT SATPURA,tanker,185.2,13.2,0
561125210,2026-08-26 16:20:00,27.2134,52.16955,9.9,354.1,356.0,MT SATPURA,tanker,185.2,13.2,0
561125210,2026-08-26 16:30:00,27.2408,52.16609,9.3,352.1,351.0,MT SATPURA,tanker,185.2,13.2,0
561125210,2026-08-26 16:40:00,27.2665,52.16285,9.7,354.0,355.0,MT SATPURA,tanker,185.2,13.2,0
561125210,2026-08-26 16:50:00,27.29336,52.15946,10.0,354.8,351.0,MT SATPURA,tanker,185.2,13.2,0
561125210,2026-08-26 17:00:00,27.26564,52.16296,9.8,172.8,173.0,MT SATPURA,tanker,185.2,13.2,0
561125210,2026-08-26 17:10:00,27.23852,52.16638,9.8,170.2,181.0,MT SATPURA,tanker,185.2,13.2,0
561125210,2026-08-26 17:20:00,27.21135,52.1698,9.9,173.0,179.0,MT SATPURA,tanker,185.2,13.2,0
561125210,2026-08-26 17:30:00,27.18401,52.17325,9.7,173.7,172.0,MT SATPURA,tanker,185.2,13.2,0
561125210,2026-08-26 17:40:00,27.1573,52.17661,10.2,173.5,174.0,MT SATPURA,tanker,185.2,13.2,0
561125210,2026-08-26 17:50:00,27.12922,52.18015,10.1,174.2,173.0,MT SATPURA,tanker,185.2,13.2,0
561125210,2026-08-26 18:00:00,27.10144,52.18365,10.0,176.1,175.0,MT SATPURA,tanker,185.2,13.2,0
561125210,2026-08-26 18:10:00,27.07372,52.18714,9.8,173.8,178.0,MT SATPURA,tanker,185.2,13.2,0
561125210,2026-08-26 18:20:00,27.04669,52.19054,9.6,173.3,169.0,MT SATPURA,tanker,185.2,13.2,0
561125210,2026-08-26 18:30:00,27.02016,52.19388,9.5,173.1,173.0,MT SATPURA,tanker,185.2,13.2,0
561125210,2026-08-26 18:40:00,26.99402,52.19717,10.2,174.1,171.0,MT SATPURA,tanker,185.2,13.2,0
561125210,2026-08-26 18:50:00,26.96586,52.20071,9.6,175.0,177.0,MT SATPURA,tanker,185.2,13.2,0
561125210,2026-08-26 19:00:00,26.93941,52.20404,9.8,173.2,177.0,MT SATPURA,tanker,185.2,13.2,0
561125210,2026-08-26 19:10:00,26.91244,52.20743,9.5,174.0,180.0,MT SATPURA,tanker,185.2,13.2,0
561125210,2026-08-26 19:20:00,26.88618,52.21073,9.8,172.8,175.0,MT SATPURA,tanker,185.2,13.2,0
561125210,2026-08-26 19:30:00,26.85909,52.21414,9.7,172.2,176.0,MT SATPURA,tanker,185.2,13.2,0
561125210,2026-08-26 19:40:00,26.83246,52.21748,10.0,173.3,172.0,MT SATPURA,tanker,185.2,13.2,0
561125210,2026-08-26 19:50:00,26.80474,52.22096,9.5,173.5,172.0,MT SATPURA,tanker,185.2,13.2,0
561125210,2026-08-26 20:00:00,26.77846,52.22426,9.5,175.5,175.0,MT SATPURA,tanker,185.2,13.2,0
561125210,2026-08-26 20:10:00,26.7522,52.22756,9.9,174.5,176.0,MT SATPURA,tanker,185.2,13.2,0
561125210,2026-08-26 20:20:00,26.72486,52.23099,9.7,173.9,173.0,MT SATPURA,tanker,185.2,13.2,0
561125210,2026-08-26 20:30:00,26.6982,52.23434,9.9,173.9,172.0,MT SATPURA,tanker,185.2,13.2,0
561125210,2026-08-26 20:40:00,26.67095,52.23776,9.4,173.7,173.0,MT SATPURA,tanker,185.2,13.2,0
561125210,2026-08-26 20:50:00,26.64491,52.24102,9.3,174.1,176.0,MT SATPURA,tanker,185.2,13.2,0
561125210,2026-08-26 21:00:00,26.61927,52.24424,10.4,173.2,172.0,MT SATPURA,tanker,185.2,13.2,0
561125210,2026-08-26 21:10:00,26.59058,52.24784,9.5,173.8,174.0,MT SATPURA,tanker,185.2,13.2,0
561125210,2026-08-26 21:20:00,26.56439,52.25112,9.6,173.4,168.0,MT SATPURA,tanker,185.2,13.2,0
561125210,2026-08-26 21:30:00,26.538,52.25442,10.0,172.8,173.0,MT SATPURA,tanker,185.2,13.2,0
561125210,2026-08-26 21:40:00,26.51041,52.25788,9.4,173.0,173.0,MT SATPURA,tanker,185.2,13.2,0
561125210,2026-08-26 21:50:00,26.48445,52.26113,9.8,174.1,178.0,MT SATPURA,tanker,185.2,13.2,0
561125210,2026-08-26 22:00:00,26.45751,52.26451,10.0,174.6,178.0,MT SATPURA,tanker,185.2,13.2,0
561125210,2026-08-26 22:10:00,26.43005,52.26794,9.9,173.6,177.0,MT SATPURA,tanker,185.2,13.2,0
561125210,2026-08-26 22:20:00,26.40271,52.27137,10.0,174.3,169.0,MT SATPURA,tanker,185.2,13.2,0
561125210,2026-08-26 22:30:00,26.37502,52.27483,9.6,173.3,176.0,MT SATPURA,tanker,185.2,13.2,0
561125210,2026-08-26 22:40:00,26.34865,52.27813,9.8,174.7,178.0,MT SATPURA,tanker,185.2,13.2,0
561125210,2026-08-26 22:50:00,26.32172,52.2815,10.1,174.8,170.0,MT SATPURA,tanker,185.2,13.2,0
561125210,2026-08-26 23:00:00,26.29394,52.28497,9.9,173.0,169.0,MT SATPURA,tanker,185.2,13.2,0
561125210,2026-08-26 23:10:00,26.26666,52.28838,9.7,174.9,175.0,MT SATPURA,tanker,185.2,13.2,0
561125210,2026-08-26 23:20:00,26.23991,52.29173,10.3,173.8,181.0,MT SATPURA,tanker,185.2,13.2,0
561125210,2026-08-26 23:30:00,26.21157,52.29527,9.8,173.6,170.0,MT SATPURA,tanker,185.2,13.2,0
561125210,2026-08-26 23:40:00,26.1845,52.29865,10.0,173.1,172.0,MT SATPURA,tanker,185.2,13.2,0
561125210,2026-08-26 23:50:00,26.15679,52.30211,10.1,174.8,177.0,MT SATPURA,tanker,185.2,13.2,0
561125210,2026-08-27 00:00:00,26.12895,52.30559,9.7,173.6,173.0,MT SATPURA,tanker,185.2,13.2,0
602438413,2026-08-26 00:00:00,26.92061,52.35282,22.0,79.7,79.0,MS ZUARI,passenger,115.8,4.9,0
602438413,2026-08-26 00:10:00,26.93132,52.42038,22.8,80.5,79.0,MS ZUARI,passenger,115.8,4.9,0
602438413,2026-08-26 00:20:00,26.94238,52.49015,22.2,78.9,84.0,MS ZUARI,passenger,115.8,4.9,0
602438413,2026-08-26 00:30:00,26.95318,52.55826,21.9,80.4,83.0,MS ZUARI,passenger,115.8,4.9,0
602438413,2026-08-26 00:40:00,26.96383,52.62552,22.2,80.0,80.0,MS ZUARI,passenger,115.8,4.9,0
602438413,2026-08-26 00:50:00,26.97462,52.69358,22.1,79.3,79.0,MS ZUARI,passenger,115.8,4.9,0
602438413,2026-08-26 01:00:00,26.96385,52.62586,22.5,259.8,258.0,MS ZUARI,passenger,115.8,4.9,0
602438413,2026-08-26 01:10:00,26.9529,52.55697,22.0,261.0,262.0,MS ZUARI,passenger,115.8,4.9,0
602438413,2026-08-26 01:20:00,26.9422,52.48962,22.2,259.6,262.0,MS ZUARI,passenger,115.8,4.9,0
602438413,2026-08-26 01:30:00,26.93136,52.42144,21.9,259.6,263.0,MS ZUARI,passenger,115.8,4.9,0
602438413,2026-08-26 01:40:00,26.92066,52.3542,22.3,258.9,257.0,MS ZUARI,passenger,115.8,4.9,0
602438413,2026-08-26 01:50:00,26.90979,52.2858,22.1,261.6,254.0,MS ZUARI,passenger,115.8,4.9,0
602438413,2026-08-26 02:00:00,26.899,52.21799,22.2,258.5,258.0,MS ZUARI,passenger,115.8,4.9,0
602438413,2026-08-26 02:10:00,26.8882,52.15006,22.0,259.5,258.0,MS ZUARI,passenger,115.8,4.9,0
602438413,2026-08-26 02:20:00,26.87747,52.08263,22.1,259.4,256.0,MS ZUARI,passenger,115.8,4.9,0
602438413,2026-08-26 02:30:00,26.8667,52.01492,22.3,260.7,262.0,MS ZUARI,passenger,115.8,4.9,0
602438413,2026-08-26 02:40:00,26.85583,51.94662,21.7,260.2,262.0,MS ZUARI,passenger,115.8,4.9,0
602438413,2026-08-26 02:50:00,26.84525,51.88011,21.8,259.9,260.0,MS ZUARI,passenger,115.8,4.9,0
602438413,2026-08-26 03:00:00,26.83461,51.81321,22.6,261.8,255.0,MS ZUARI,passenger,115.8,4.9,0
602438413,2026-08-26 03:10:00,26.82361,51.74412,22.7,259.0,263.0,MS ZUARI,passenger,115.8,4.9,0
602438413,2026-08-26 03:20:00,26.81254,51.67454,22.3,258.9,261.0,MS ZUARI,passenger,115.8,4.9,0
602438413,2026-08-26 03:30:00,26.80165,51.60613,22.1,260.5,261.0,MS ZUARI,passenger,115.8,4.9,0
602438413,2026-08-26 03:40:00,26.79089,51.53855,22.4,260.0,259.0,MS ZUARI,passenger,115.8,4.9,0
602438413,2026-08-26 03:50:00,26.77997,51.46998,22.4,260.5,262.0,MS ZUARI,passenger,115.8,4.9,0
602438413,2026-08-26 04:00:00,26.76907,51.4015,21.9,258.9,258.0,MS ZUARI,passenger,115.8,4.9,0
602438413,2026-08-26 04:10:00,26.75838,51.33437,21.9,260.7,263.0,MS ZUARI,passenger,115.8,4.9,0
602438413,2026-08-26 04:20:00,26.74768,51.26721,22.1,261.3,264.0,MS ZUARI,passenger,115.8,4.9,0
602438413,2026-08-26 04:30:00,26.73693,51.1997,22.2,259.1,265.0,MS ZUARI,passenger,115.8,4.9,0
602438413,2026-08-26 04:40:00,26.72613,51.13189,22.1,260.0,259.0,MS ZUARI,passenger,115.8,4.9,0
602438413,2026-08-26 04:50:00,26.71537,51.06432,21.9,258.4,262.0,MS ZUARI,passenger,115.8,4.9,0
602438413,2026-08-26 05:00:00,26.70471,50.99739,21.9,263.0,257.0,MS ZUARI,passenger,115.8,4.9,0
602438413,2026-08-26 05:10:00,26.69403,50.93039,21.8,260.4,264.0,MS ZUARI,passenger,115.8,4.9,0
602438413,2026-08-26 05:20:00,26.68341,50.86376,22.1,260.5,254.0,MS ZUARI,passenger,115.8,4.9,0
602438413,2026-08-26 05:30:00,26.67264,50.79612,21.9,258.8,254.0,MS ZUARI,passenger,115.8,4.9,0
602438413,2026-08-26 05:40:00,26.66195,50.72905,22.1,257.7,256.0,MS ZUARI,passenger,115.8,4.9,0
602438413,2026-08-26 05:50:00,26.6727,50.79673,22.0,79.1,81.0,MS ZUARI,passenger,115.8,4.9,0
602438413,2026-08-26 06:00:00,26.68337,50.86392,22.2,80.8,82.0,MS ZUARI,passenger,115.8,4.9,0
602438413,2026-08-26 06:10:00,26.69415,50.93175,22.4,79.9,81.0,MS ZUARI,passenger,115.8,4.9,0
602438413,2026-08-26 06:20:00,26.70503,51.00023,22.2,80.0,79.0,MS ZUARI,passenger,115.8,4.9,0
602438413,2026-08-26 06:30:00,26.71583,51.06824,22.0,79.1,81.0,MS ZUARI,passenger,115.8,4.9,0
602438413,2026-08-26 06:40:00,26.72653,51.13561,22.1,79.2,78.0,MS ZUARI,passenger,115.8,4.9,0
602438413,2026-08-26 06:50:00,26.73725,51.20316,21.8,80.9,80.0,MS ZUARI,passenger,115.8,4.9,0
602438413,2026-08-26 07:00:00,26.74784,51.26987,21.9,80.7,78.0,MS ZUARI,passenger,115.8,4.9,0
602438413,2026-08-26 07:10:00,26.75848,51.33685,21.7,80.9,78.0,MS ZUARI,passenger,115.8,4.9,0
602438413,2026-08-26 07:20:00,26.76905,51.40342,22.0,79.9,83.0,MS ZUARI,passenger,115.8,4.9,0
602438413,2026-08-26 07:30:00,26.77974,51.47076,22.1,78.7,82.0,MS ZUARI,passenger,115.8,4.9,0
602438413,2026-08-26 07:40:00,26.79048,51.53844,22.0,81.8,80.0,MS ZUARI,passenger,115.8,4.9,0
602438413,2026-08-26 07:50:00,26.80116,51.60573,21.5,80.3,86.0,MS ZUARI,passenger,115.8,4.9,0
602438413,2026-08-26 08:00:00,26.81162,51.67169,22.5,81.7,77.0,MS ZUARI,passenger,115.8,4.9,0
602438413,2026-08-26 08:10:00,26.82255,51.74058,22.3,79.2,81.0,MS ZUARI,passenger,115.8,4.9,0
602438413,2026-08-26 08:20:00,26.8334,51.80896,21.8,79.3,78.0,MS ZUARI,passenger,115.8,4.9,0
602438413,2026-08-26 08:30:00,26.84399,51.87568,22.3,80.7,81.0,MS ZUARI,passenger,115.8,4.9,0
602438413,2026-08-26 08:40:00,26.85483,51.94407,21.8,79.6,78.0,MS ZUARI,passenger,115.8,4.9,0
602438413,2026-08-26 08:50:00,26.86541,52.01074,22.3,81.1,83.0,MS ZUARI,passenger,115.8,4.9,0
602438413,2026-08-26 09:00:00,26.87625,52.07911,21.9,77.2,75.0,MS ZUARI,passenger,115.8,4.9,0
602438413,2026-08-26 09:10:00,26.8869,52.14625,22.5,79.5,78.0,MS ZUARI,passenger,115.8,4.9,0
602438413,2026-08-26 09:20:00,26.89781,52.21506,22.5,81.2,80.0,MS ZUARI,passenger,115.8,4.9,0
602438413,2026-08-26 09:30:00,26.90875,52.28405,22.0,79.8,81.0,MS ZUARI,passenger,115.8,4.9,0
602438413,2026-08-26 09:40:00,26.91945,52.35157,22.5,80.3,82.0,MS ZUARI,passenger,115.8,4.9,0
602438413,2026-08-26 09:50:00,26.93038,52.42054,22.4,78.7,82.0,MS ZUARI,passenger,115.8,4.9,0
602438413,2026-08-26 10:00:00,26.94126,52.48918,22.0,77.4,74.0,MS ZUARI,passenger,115.8,4.9,0
602438413,2026-08-26 10:10:00,26.95197,52.55671,21.8,80.4,80.0,MS ZUARI,passenger,115.8,4.9,0
602438413,2026-08-26 10:20:00,26.96258,52.62369,22.1,81.9,76.0,MS ZUARI,passenger,115.8,4.9,0
602438413,2026-08-26 10:30:00,26.97334,52.6916,22.1,80.2,78.0,MS ZUARI,passenger,115.8,4.9,0
602438413,2026-08-26 10:40:00,26.96257,52.62386,22.1,258.3,264.0,MS ZUARI,passenger,115.8,4.9,0
602438413,2026-08-26 10:50:00,26.9518,52.55609,21.9,261.9,260.0,MS ZUARI,passenger,115.8,4.9,0
602438413,2026-08-26 11:00:00,26.94111,52.48886,22.4,259.9,260.0,MS ZUARI,passenger,115.8,4.9,0
602438413,2026-08-26 11:10:00,26.93022,52.42033,22.0,260.0,261.0,MS ZUARI,passenger,115.8,4.9,0
602438413,2026-08-26 11:20:00,26.91952,52.35304,21.9,259.8,258.0,MS ZUARI,passenger,115.8,4.9,0
602438413,2026-08-26 11:30:00,26.90884,52.28591,22.7,259.8,265.0,MS ZUARI,passenger,115.8,4.9,0
602438413,2026-08-26 11:40:00,26.89779,52.21642,22.1,260.2,256.0,MS ZUARI,passenger,115.8,4.9,0
602438413,2026-08-26 11:50:00,26.88704,52.14885,22.0,260.1,265.0,MS ZUARI,passenger,115.8,4.9,0
602438413,2026-08-26 12:00:00,26.87633,52.08149,22.2,261.3,262.0,MS ZUARI,passenger,115.8,4.9,0
602438413,2026-08-26 12:10:00,26.86553,52.01361,22.5,259.8,267.0,MS ZUARI,passenger,115.8,4.9,0
602438413,2026-08-26 12:20:00,26.85456,51.94467,22.0,259.1,256.0,MS ZUARI,passenger,115.8,4.9,0
602438413,2026-08-26 12:30:00,26.84385,51.87735,22.7,260.7,259.0,MS ZUARI,passenger,115.8,4.9,0
602438413,2026-08-26 12:40:00,26.83279,51.80788,22.4,260.6,266.0,MS ZUARI,passenger,115.8,4.9,0
602438413,2026-08-26 12:50:00,26.82187,51.73924,21.7,259.6,259.0,MS ZUARI,passenger,115.8,4.9,0
602438413,2026-08-26 13:00:00,26.81129,51.67276,21.6,261.0,259.0,MS ZUARI,passenger,115.8,4.9,0
602438413,2026-08-26 13:10:00,26.80076,51.6066,22.3,262.3,259.0,MS ZUARI,passenger,115.8,4.9,0
602438413,2026-08-26 13:20:00,26.7899,51.53838,22.0,260.0,263.0,MS ZUARI,passenger,115.8,4.9,0
602438413,2026-08-26 13:30:00,26.77918,51.47105,22.0,259.3,263.0,MS ZUARI,passenger,115.8,4.9,0
602438413,2026-08-26 13:40:00,26.76848,51.40383,22.2,257.9,256.0,MS ZUARI,passenger,115.8,4.9,0
602438413,2026-08-26 13:50:00,26.75766,51.3359,22.5,260.3,258.0,MS ZUARI,passenger,115.8,4.9,0
602438413,2026-08-26 14:00:00,26.74671,51.26712,22.1,259.9,262.0,MS ZUARI,passenger,115.8,4.9,0
602438413,2026-08-26 14:10:00,26.73596,51.19962,21.8,259.1,261.0,MS ZUARI,passenger,115.8,4.9,0
602438413,2026-08-26 14:20:00,26.72535,51.13304,22.1,260.5,256.0,MS ZUARI,passenger,115.8,4.9,0
602438413,2026-08-26 14:30:00,26.71459,51.0655,22.2,261.0,261.0,MS ZUARI,passenger,115.8,4.9,0
602438413,2026-08-26 14:40:00,26.70378,50.99762,22.1,259.8,257.0,MS ZUARI,passenger,115.8,4.9,0
602438413,2026-08-26 14:50:00,26.69299,50.92991,22.1,261.2,260.0,MS ZUARI,passenger,115.8,4.9,0
602438413,2026-08-26 15:00:00,26.68223,50.86237,21.9,259.4,261.0,MS ZUARI,passenger,115.8,4.9,0
602438413,2026-08-26 15:10:00,26.67157,50.79547,22.0,260.4,261.0,MS ZUARI,passenger,115.8,4.9,0
602438413,2026-08-26 15:20:00,26.66084,50.72817,22.3,261.3,263.0,MS ZUARI,passenger,115.8,4.9,0
602438413,2026-08-26 15:30:00,26.67169,50.79644,21.9,79.0,80.0,MS ZUARI,passenger,115.8,4.9,0
602438413,2026-08-26 15:40:00,26.68231,50.86332,22.0,78.8,79.0,MS ZUARI,passenger,115.8,4.9,0
602438413,2026-08-26 15:50:00,26.693,50.93057,22.0,79.2,79.0,MS ZUARI,passenger,115.8,4.9,0
602438413,2026-08-26 16:00:00,26.70368,50.99782,22.4,80.1,87.0,MS ZUARI,passenger,115.8,4.9,0
602438413,2026-08-26 16:10:00,26.71456,51.06634,22.1,79.6,80.0,MS ZUARI,passenger,115.8,4.9,0
602438413,2026-08-26 16:20:00,26.72532,51.13409,22.2,80.3,86.0,MS ZUARI,passenger,115.8,4.9,0
602438413,2026-08-26 16:30:00,26.73609,51.20191,21.9,80.8,81.0,MS ZUARI,passenger,115.8,4.9,0
602438413,2026-08-26 16:40:00,26.74673,51.2689,21.7,80.7,84.0,MS ZUARI,passenger,115.8,4.9,0
602438413,2026-08-26 16:50:00,26.75727,51.33533,21.9,79.9,75.0,MS ZUARI,passenger,115.8,4.9,0
602438413,2026-08-26 17:00:00,26.76791,51.40233,21.8,81.0,79.0,MS ZUARI,passenger,115.8,4.9,0
602438413,2026-08-26 17:10:00,26.77849,51.46901,21.8,80.1,78.0,MS ZUARI,passenger,115.8,4.9,0
602438413,2026-08-26 17:20:00,26.7891,51.53582,22.0,80.6,76.0,MS ZUARI,passenger,115.8,4.9,0
602438413,2026-08-26 17:30:00,26.79978,51.60313,21.9,80.1,83.0,MS ZUARI,passenger,115.8,4.9,0
602438413,2026-08-26 17:40:00,26.81041,51.67011,22.4,79.2,83.0,MS ZUARI,passenger,115.8,4.9,0
602438413,2026-08-26 17:50:00,26.8213,51.73873,21.9,81.7,77.0,MS ZUARI,passenger,115.8,4.9,0
602438413,2026-08-26 18:00:00,26.83194,51.80582,22.4,79.2,86.0,MS ZUARI,passenger,115.8,4.9,0
602438413,2026-08-26 18:10:00,26.84284,51.87453,22.2,78.9,78.0,MS ZUARI,passenger,115.8,4.9,0
602438413,2026-08-26 18:20:00,26.85365,51.94268,22.3,81.0,80.0,MS ZUARI,passenger,115.8,4.9,0
602438413,2026-08-26 18:30:00,26.86448,52.01098,22.1,80.7,80.0,MS ZUARI,passenger,115.8,4.9,0
602438413,2026-08-26 18:40:00,26.87523,52.07872,21.8,79.1,81.0,MS ZUARI,passenger,115.8,4.9,0
602438413,2026-08-26 18:50:00,26.88581,52.14545,22.4,81.5,82.0,MS ZUARI,passenger,115.8,4.9,0
602438413,2026-08-26 19:00:00,26.89669,52.2141,22.2,80.7,78.0,MS ZUARI,passenger,115.8,4.9,0
602438413,2026-08-26 19:10:00,26.90747,52.28205,22.1,79.1,76.0,MS ZUARI,passenger,115.8,4.9,0
602438413,2026-08-26 19:20:00,26.91819,52.34967,22.2,80.1,82.0,MS ZUARI,passenger,115.8,4.9,0
602438413,2026-08-26 19:30:00,26.92897,52.41767,22.2,80.1,82.0,MS ZUARI,passenger,115.8,4.9,0
602438413,2026-08-26 19:40:00,26.93977,52.48584,22.1,80.3,78.0,MS ZUARI,passenger,115.8,4.9,0
602438413,2026-08-26 19:50:00,26.9505,52.55356,22.2,80.6,78.0,MS ZUARI,passenger,115.8,4.9,0
602438413,2026-08-26 20:00:00,26.96129,52.62161,22.1,79.3,78.0,MS ZUARI,passenger,115.8,4.9,0
602438413,2026-08-26 20:10:00,26.97203,52.68941,21.8,81.2,83.0,MS ZUARI,passenger,115.8,4.9,0
602438413,2026-08-26 20:20:00,26.9614,52.62251,22.2,261.9,259.0,MS ZUARI,passenger,115.8,4.9,0
602438413,2026-08-26 20:30:00,26.95056,52.55435,22.9,259.7,261.0,MS ZUARI,passenger,115.8,4.9,0
602438413,2026-08-26 20:40:00,26.93942,52.48427,22.0,260.3,262.0,MS ZUARI,passenger,115.8,4.9,0
602438413,2026-08-26 20:50:00,26.9287,52.41684,22.1,261.7,261.0,MS ZUARI,passenger,115.8,4.9,0
602438413,2026-08-26 21:00:00,26.91794,52.34919,22.2,259.0,261.0,MS ZUARI,passenger,115.8,4.9,0
602438413,2026-08-26 21:10:00,26.90714,52.28125,22.1,259.3,258.0,MS ZUARI,passenger,115.8,4.9,0
602438413,2026-08-26 21:20:00,26.89638,52.21363,22.8,259.6,256.0,MS ZUARI,passenger,115.8,4.9,0
602438413,2026-08-26 21:30:00,26.88529,52.14387,21.9,259.9,262.0,MS ZUARI,passenger,115.8,4.9,0
602438413,2026-08-26 21:40:00,26.8746,52.07669,22.2,260.6,258.0,MS ZUARI,passenger,115.8,4.9,0
602438413,2026-08-26 21:50:00,26.86376,52.00856,22.2,259.0,258.0,MS ZUARI,passenger,115.8,4.9,0
602438413,2026-08-26 22:00:00,26.85295,51.94061,21.9,258.7,263.0,MS ZUARI,passenger,115.8,4.9,0
602438413,2026-08-26 22:10:00,26.84229,51.87362,22.3,260.9,260.0,MS ZUARI,passenger,115.8,4.9,0
602438413,2026-08-26 22:20:00,26.83144,51.80541,22.3,258.1,262.0,MS ZUARI,passenger,115.8,4.9,0
602438413,2026-08-26 22:30:00,26.82057,51.73714,22.1,260.5,261.0,MS ZUARI,passenger,115.8,4.9,0
602438413,2026-08-26 22:40:00,26.80978,51.66933,21.9,258.4,258.0,MS ZUARI,passenger,115.8,4.9,0
602438413,2026-08-26 22:50:00,26.79913,51.60242,22.2,260.6,256.0,MS ZUARI,passenger,115.8,4.9,0
602438413,2026-08-26 23:00:00,26.78829,51.53433,21.9,259.2,259.0,MS ZUARI,passenger,115.8,4.9,0
602438413,2026-08-26 23:10:00,26.77764,51.46743,21.8,258.5,257.0,MS ZUARI,passenger,115.8,4.9,0
602438413,2026-08-26 23:20:00,26.76704,51.40082,22.1,258.7,260.0,MS ZUARI,passenger,115.8,4.9,0
602438413,2026-08-26 23:30:00,26.75625,51.33312,22.4,258.6,259.0,MS ZUARI,passenger,115.8,4.9,0
602438413,2026-08-26 23:40:00,26.74535,51.26468,22.4,259.5,258.0,MS ZUARI,passenger,115.8,4.9,0
602438413,2026-08-26 23:50:00,26.73446,51.19627,22.4,259.6,263.0,MS ZUARI,passenger,115.8,4.9,0
602438413,2026-08-27 00:00:00,26.72355,51.12776,22.2,259.6,261.0,MS ZUARI,passenger,115.8,4.9,0
628663284,2026-08-26 00:00:00,26.79483,52.14092,13.9,33.5,37.0,MV SAGAR,cargo,111.0,9.8,0
628663284,2026-08-26 00:10:00,26.82745,52.16417,13.4,30.8,27.0,MV SAGAR,cargo,111.0,9.8,0
628663284,2026-08-26 00:20:00,26.85881,52.18653,13.4,31.9,30.0,MV SAGAR,cargo,111.0,9.8,0
628663284,2026-08-26 00:30:00,26.89027,52.20897,13.4,33.1,28.0,MV SAGAR,cargo,111.0,9.8,0
628663284,2026-08-26 00:40:00,26.92154,52.23129,13.3,34.0,29.0,MV SAGAR,cargo,111.0,9.8,0
628663284,2026-08-26 00:50:00,26.95259,52.25344,13.6,32.0,34.0,MV SAGAR,cargo,111.0,9.8,0
628663284,2026-08-26 01:00:00,26.9844,52.27616,13.6,33.2,35.0,MV SAGAR,cargo,111.0,9.8,0
628663284,2026-08-26 01:10:00,27.01636,52.29898,13.1,33.6,30.0,MV SAGAR,cargo,111.0,9.8,0
628663284,2026-08-26 01:20:00,27.04699,52.32086,13.4,32.7,34.0,MV SAGAR,cargo,111.0,9.8,0
628663284,2026-08-26 01:30:00,27.07845,52.34334,13.5,31.6,28.0,MV SAGAR,cargo,111.0,9.8,0
628663284,2026-08-26 01:40:00,27.10996,52.36585,13.6,32.6,36.0,MV SAGAR,cargo,111.0,9.8,0
628663284,2026-08-26 01:50:00,27.14178,52.3886,13.4,31.1,35.0,MV SAGAR,cargo,111.0,9.8,0
628663284,2026-08-26 02:00:00,27.17306,52.41097,13.3,32.8,31.0,MV SAGAR,cargo,111.0,9.8,0
628663284,2026-08-26 02:10:00,27.20416,52.43321,13.8,31.6,31.0,MV SAGAR,cargo,111.0,9.8,0
628663284,2026-08-26 02:20:00,27.23643,52.4563,13.4,31.4,33.0,MV SAGAR,cargo,111.0,9.8,0
628663284,2026-08-26 02:30:00,27.2678,52.47876,13.8,32.0,34.0,MV SAGAR,cargo,111.0,9.8,0
628663284,2026-08-26 02:40:00,27.23554,52.45568,12.7,212.4,212.0,MV SAGAR,cargo,111.0,9.8,0
628663284,2026-08-26 02:50:00,27.20584,52.43444,13.2,213.5,211.0,MV SAGAR,cargo,111.0,9.8,0
628663284,2026-08-26 03:00:00,27.17501,52.41239,13.3,212.1,207.0,MV SAGAR,cargo,111.0,9.8,0
628663284,2026-08-26 03:10:00,27.1438,52.39008,13.1,213.4,206.0,MV SAGAR,cargo,111.0,9.8,0
628663284,2026-08-26 03:20:00,27.11315,52.36818,13.2,212.1,218.0,MV SAGAR,cargo,111.0,9.8,0
628663284,2026-08-26 03:30:00,27.08228,52.34613,13.6,211.9,216.0,MV SAGAR,cargo,111.0,9.8,0
628663284,2026-08-26 03:40:00,27.05052,52.32344,13.2,213.5,208.0,MV SAGAR,cargo,111.0,9.8,0
628663284,2026-08-26 03:50:00,27.01964,52.30139,13.6,212.1,209.0,MV SAGAR,cargo,111.0,9.8,0
628663284,2026-08-26 04:00:00,26.9877,52.27859,13.3,212.7,211.0,MV SAGAR,cargo,111.0,9.8,0
628663284,2026-08-26 04:10:00,26.95651,52.25633,13.5,211.9,214.0,MV SAGAR,cargo,111.0,9.8,0
628663284,2026-08-26 04:20:00,26.92488,52.23376,13.5,212.4,211.0,MV SAGAR,cargo,111.0,9.8,0
628663284,2026-08-26 04:30:00,26.89331,52.21125,13.4,213.0,219.0,MV SAGAR,cargo,111.0,9.8,0
628663284,2026-08-26 04:40:00,26.8619,52.18885,13.6,213.4,222.0,MV SAGAR,cargo,111.0,9.8,0
628663284,2026-08-26 04:50:00,26.83004,52.16614,13.5,212.9,215.0,MV SAGAR,cargo,111.0,9.8,0
628663284,2026-08-26 05:00:00,26.79843,52.14361,13.1,212.0,211.0,MV SAGAR,cargo,111.0,9.8,0
628663284,2026-08-26 05:10:00,26.7677,52.12172,13.5,212.3,213.0,MV SAGAR,cargo,111.0,9.8,0
628663284,2026-08-26 05:20:00,26.73601,52.09915,13.6,213.3,212.0,MV SAGAR,cargo,111.0,9.8,0
628663284,2026-08-26 05:30:00,26.70406,52.0764,13.2,213.6,215.0,MV SAGAR,cargo,111.0,9.8,0
628663284,2026-08-26 05:40:00,26.67314,52.05439,13.0,212.1,213.0,MV SAGAR,cargo,111.0,9.8,0
628663284,2026-08-26 05:50:00,26.64277,52.03278,13.6,213.4,213.0,MV SAGAR,cargo,111.0,9.8,0
628663284,2026-08-26 06:00:00,26.611,52.01017,13.5,212.5,210.0,MV SAGAR,cargo,111.0,9.8,0
628663284,2026-08-26 06:10:00,26.57934,51.98766,13.3,212.5,212.0,MV SAGAR,cargo,111.0,9.8,0
628663284,2026-08-26 06:20:00,26.54819,51.9655,12.9,212.1,213.0,MV SAGAR,cargo,111.0,9.8,0
628663284,2026-08-26 06:30:00,26.51798,51.94403,13.3,212.2,214.0,MV SAGAR,cargo,111.0,9.8,0
628663284,2026-08-26 06:40:00,26.48683,51.92189,13.1,210.8,211.0,MV SAGAR,cargo,111.0,9.8,0
628663284,2026-08-26 06:50:00,26.45615,51.90009,13.6,214.1,215.0,MV SAGAR,cargo,111.0,9.8,0
628663284,2026-08-26 07:00:00,26.42439,51.87753,13.0,212.2,213.0,MV SAGAR,cargo,111.0,9.8,0
628663284,2026-08-26 07:10:00,26.39393,51.8559,13.4,213.0,210.0,MV SAGAR,cargo,111.0,9.8,0
628663284,2026-08-26 07:20:00,26.36252,51.8336,13.4,212.9,215.0,MV SAGAR,cargo,111.0,9.8,0
628663284,2026-08-26 07:30:00,26.33117,51.81135,13.2,212.1,204.0,MV SAGAR,cargo,111.0,9.8,0
628663284,2026-08-26 07:40:00,26.30033,51.78947,13.2,211.9,209.0,MV SAGAR,cargo,111.0,9.8,0
628663284,2026-08-26 07:50:00,26.26938,51.76751,13.4,212.4,206.0,MV SAGAR,cargo,111.0,9.8,0
628663284,2026-08-26 08:00:00,26.23797,51.74524,13.4,211.5,214.0,MV SAGAR,cargo,111.0,9.8,0
628663284,2026-08-26 08:10:00,26.20653,51.72295,13.0,212.5,212.0,MV SAGAR,cargo,111.0,9.8,0
628663284,2026-08-26 08:20:00,26.17597,51.70129,13.4,212.6,212.0,MV SAGAR,cargo,111.0,9.8,0
628663284,2026-08-26 08:30:00,26.14448,51.67897,13.0,211.0,211.0,MV SAGAR,cargo,111.0,9.8,0
628663284,2026-08-26 08:40:00,26.11406,51.65743,13.4,211.9,214.0,MV SAGAR,cargo,111.0,9.8,0
628663284,2026-08-26 08:50:00,26.14537,51.67961,13.3,31.5,32.0,MV SAGAR,cargo,111.0,9.8,0
628663284,2026-08-26 09:00:00,26.17651,51.70169,13.4,32.8,38.0,MV SAGAR,cargo,111.0,9.8,0
628663284,2026-08-26 09:10:00,26.20795,51.72398,13.2,32.4,34.0,MV SAGAR,cargo,111.0,9.8,0
628663284,2026-08-26 09:20:00,26.23887,51.74591,13.4,32.0,28.0,MV SAGAR,cargo,111.0,9.8,0
628663284,2026-08-26 09:30:00,26.27017,51.76812,13.2,31.4,27.0,MV SAGAR,cargo,111.0,9.8,0
628663284,2026-08-26 09:40:00,26.30118,51.79012,13.2,31.4,34.0,MV SAGAR,cargo,111.0,9.8,0
628663284,2026-08-26 09:50:00,26.33202,51.81201,13.5,31.6,32.0,MV SAGAR,cargo,111.0,9.8,0
628663284,2026-08-26 10:00:00,26.36368,51.83449,12.9,32.0,34.0,MV SAGAR,cargo,111.0,9.8,0
628663284,2026-08-26 10:10:00,26.3939,51.85596,13.6,31.7,36.0,MV SAGAR,cargo,111.0,9.8,0
628663284,2026-08-26 10:20:00,26.4257,51.87854,13.0,31.2,35.0,MV SAGAR,cargo,111.0,9.8,0
628663284,2026-08-26 10:30:00,26.45612,51.90016,13.8,33.0,32.0,MV SAGAR,cargo,111.0,9.8,0
628663284,2026-08-26 10:40:00,26.48841,51.92311,12.8,30.4,33.0,MV SAGAR,cargo,111.0,9.8,0
628663284,2026-08-26 10:50:00,26.51843,51.94446,13.3,31.4,33.0,MV SAGAR,cargo,111.0,9.8,0
628663284,2026-08-26 11:00:00,26.54953,51.96657,13.4,33.4,33.0,MV SAGAR,cargo,111.0,9.8,0
628663284,2026-08-26 11:10:00,26.58091,51.98889,13.7,32.5,32.0,MV SAGAR,cargo,111.0,9.8,0
628663284,2026-08-26 11:20:00,26.61294,52.01168,13.6,31.5,41.0,MV SAGAR,cargo,111.0,9.8,0
628663284,2026-08-26 11:30:00,26.64487,52.03441,13.5,32.8,34.0,MV SAGAR,cargo,111.0,9.8,0
628663284,2026-08-26 11:40:00,26.6764,52.05686,13.8,33.3,28.0,MV SAGAR,cargo,111.0,9.8,0
628663284,2026-08-26 11:50:00,26.70881,52.07994,13.7,32.1,33.0,MV SAGAR,cargo,111.0,9.8,0
628663284,2026-08-26 12:00:00,26.74094,52.10283,13.0,33.0,31.0,MV SAGAR,cargo,111.0,9.8,0
628663284,2026-08-26 12:10:00,26.7715,52.1246,13.4,32.2,38.0,MV SAGAR,cargo,111.0,9.8,0
628663284,2026-08-26 12:20:00,26.80286,52.14696,13.9,32.5,33.0,MV SAGAR,cargo,111.0,9.8,0
628663284,2026-08-26 12:30:00,26.83533,52.17011,13.3,33.6,31.0,MV SAGAR,cargo,111.0,9.8,0
628663284,2026-08-26 12:40:00,26.86643,52.19228,13.3,33.4,31.0,MV SAGAR,cargo,111.0,9.8,0
628663284,2026-08-26 12:50:00,26.89749,52.21444,13.4,30.9,35.0,MV SAGAR,cargo,111.0,9.8,0
628663284,2026-08-26 13:00:00,26.92878,52.23677,13.9,33.2,37.0,MV SAGAR,cargo,111.0,9.8,0
628663284,2026-08-26 13:10:00,26.96122,52.25992,13.2,32.7,30.0,MV SAGAR,cargo,111.0,9.8,0
628663284,2026-08-26 13:20:00,26.99203,52.28192,13.3,33.2,33.0,MV SAGAR,cargo,111.0,9.8,0
628663284,2026-08-26 13:30:00,27.02321,52.30419,13.0,31.1,28.0,MV SAGAR,cargo,111.0,9.8,0
628663284,2026-08-26 13:40:00,27.05369,52.32596,13.5,34.5,37.0,MV SAGAR,cargo,111.0,9.8,0
628663284,2026-08-26 13:50:00,27.08529,52.34854,12.9,33.9,35.0,MV SAGAR,cargo,111.0,9.8,0
628663284,2026-08-26 14:00:00,27.11549,52.37012,13.0,32.2,36.0,MV SAGAR,cargo,111.0,9.8,0
628663284,2026-08-26 14:10:00,27.14589,52.39186,13.5,31.2,34.0,MV SAGAR,cargo,111.0,9.8,0
628663284,2026-08-26 14:20:00,27.17753,52.41448,12.8,32.2,36.0,MV SAGAR,cargo,111.0,9.8,0
628663284,2026-08-26 14:30:00,27.20758,52.43598,13.4,32.0,35.0,MV SAGAR,cargo,111.0,9.8,0
628663284,2026-08-26 14:40:00,27.2389,52.45839,13.6,33.8,35.0,MV SAGAR,cargo,111.0,9.8,0
628663284,2026-08-26 14:50:00,27.27078,52.48121,13.6,33.2,33.0,MV SAGAR,cargo,111.0,9.8,0
628663284,2026-08-26 15:00:00,27.23884,52.45835,13.4,212.2,209.0,MV SAGAR,cargo,111.0,9.8,0
628663284,2026-08-26 15:10:00,27.20747,52.43592,13.1,212.2,213.0,MV SAGAR,cargo,111.0,9.8,0
628663284,2026-08-26 15:20:00,27.17672,52.41393,13.7,212.4,215.0,MV SAGAR,cargo,111.0,9.8,0
628663284,2026-08-26 15:30:00,27.14456,52.39094,13.6,212.2,214.0,MV SAGAR,cargo,111.0,9.8,0
628663284,2026-08-26 15:40:00,27.11262,52.36811,13.3,213.8,214.0,MV SAGAR,cargo,111.0,9.8,0
628663284,2026-08-26 15:50:00,27.08145,52.34585,13.1,212.6,217.0,MV SAGAR,cargo,111.0,9.8,0
628663284,2026-08-26 16:00:00,27.05083,52.32398,13.3,212.9,214.0,MV SAGAR,cargo,111.0,9.8,0
628663284,2026-08-26 16:10:00,27.01962,52.3017,13.1,213.0,208.0,MV SAGAR,cargo,111.0,9.8,0
628663284,2026-08-26 16:20:00,26.98892,52.27978,13.2,213.5,214.0,MV SAGAR,cargo,111.0,9.8,0
628663284,2026-08-26 16:30:00,26.95797,52.25769,13.3,212.9,212.0,MV SAGAR,cargo,111.0,9.8,0
628663284,2026-08-26 16:40:00,26.92684,52.23548,13.4,213.1,210.0,MV SAGAR,cargo,111.0,9.8,0
628663284,2026-08-26 16:50:00,26.89552,52.21314,13.4,212.1,208.0,MV SAGAR,cargo,111.0,9.8,0
628663284,2026-08-26 17:00:00,26.86418,52.1908,13.1,214.0,214.0,MV SAGAR,cargo,111.0,9.8,0
628663284,2026-08-26 17:10:00,26.83341,52.16886,13.0,210.9,212.0,MV SAGAR,cargo,111.0,9.8,0
628663284,2026-08-26 17:20:00,26.80287,52.1471,13.8,212.3,216.0,MV SAGAR,cargo,111.0,9.8,0
628663284,2026-08-26 17:30:00,26.77064,52.12413,13.5,212.9,208.0,MV SAGAR,cargo,111.0,9.8,0
628663284,2026-08-26 17:40:00,26.73912,52.10168,13.6,212.1,215.0,MV SAGAR,cargo,111.0,9.8,0
628663284,2026-08-26 17:50:00,26.70726,52.079,13.2,212.6,214.0,MV SAGAR,cargo,111.0,9.8,0
628663284,2026-08-26 18:00:00,26.67643,52.05705,13.3,212.9,212.0,MV SAGAR,cargo,111.0,9.8,0
628663284,2026-08-26 18:10:00,26.6452,52.03482,13.2,214.1,216.0,MV SAGAR,cargo,111.0,9.8,0
628663284,2026-08-26 18:20:00,26.61427,52.01282,13.2,213.0,210.0,MV SAGAR,cargo,111.0,9.8,0
628663284,2026-08-26 18:30:00,26.5834,51.99086,13.1,213.5,207.0,MV SAGAR,cargo,111.0,9.8,0
628663284,2026-08-26 18:40:00,26.55278,51.96909,13.6,212.2,212.0,MV SAGAR,cargo,111.0,9.8,0
628663284,2026-08-26 18:50:00,26.52093,51.94644,13.5,213.0,210.0,MV SAGAR,cargo,111.0,9.8,0
628663284,2026-08-26 19:00:00,26.48938,51.92402,13.5,212.6,209.0,MV SAGAR,cargo,111.0,9.8,0
628663284,2026-08-26 19:10:00,26.45764,51.90147,13.3,213.8,217.0,MV SAGAR,cargo,111.0,9.8,0
628663284,2026-08-26 19:20:00,26.42643,51.8793,13.5,211.3,214.0,MV SAGAR,cargo,111.0,9.8,0
628663284,2026-08-26 19:30:00,26.3947,51.85676,13.6,213.2,215.0,MV SAGAR,cargo,111.0,9.8,0
628663284,2026-08-26 19:40:00,26.36289,51.83418,13.5,212.4,211.0,MV SAGAR,cargo,111.0,9.8,0
628663284,2026-08-26 19:50:00,26.33136,51.8118,12.9,212.8,213.0,MV SAGAR,cargo,111.0,9.8,0
628663284,2026-08-26 20:00:00,26.30116,51.79037,13.5,211.1,214.0,MV SAGAR,cargo,111.0,9.8,0
628663284,2026-08-26 20:10:00,26.26952,51.76793,13.9,212.5,212.0,MV SAGAR,cargo,111.0,9.8,0
628663284,2026-08-26 20:20:00,26.237,51.74487,13.4,214.5,209.0,MV SAGAR,cargo,111.0,9.8,0
628663284,2026-08-26 20:30:00,26.20551,51.72254,13.4,211.7,211.0,MV SAGAR,cargo,111.0,9.8,0
628663284,2026-08-26 20:40:00,26.17408,51.70027,13.4,213.8,218.0,MV SAGAR,cargo,111.0,9.8,0
628663284,2026-08-26 20:50:00,26.14279,51.6781,13.5,212.1,220.0,MV SAGAR,cargo,111.0,9.8,0
628663284,2026-08-26 21:00:00,26.11122,51.65573,13.3,211.9,207.0,MV SAGAR,cargo,111.0,9.8,0
628663284,2026-08-26 21:10:00,26.14228,51.67774,13.7,33.4,40.0,MV SAGAR,cargo,111.0,9.8,0
628663284,2026-08-26 21:20:00,26.1744,51.70051,13.0,33.9,33.0,MV SAGAR,cargo,111.0,9.8,0
628663284,2026-08-26 21:30:00,26.2049,51.72214,13.6,30.8,37.0,MV SAGAR,cargo,111.0,9.8,0
628663284,2026-08-26 21:40:00,26.23668,51.74468,13.6,32.4,34.0,MV SAGAR,cargo,111.0,9.8,0
628663284,2026-08-26 21:50:00,26.26845,51.76722,13.2,31.9,31.0,MV SAGAR,cargo,111.0,9.8,0
628663284,2026-08-26 22:00:00,26.29931,51.78912,12.9,33.3,36.0,MV SAGAR,cargo,111.0,9.8,0
628663284,2026-08-26 22:10:00,26.32954,51.81057,13.2,32.8,32.0,MV SAGAR,cargo,111.0,9.8,0
628663284,2026-08-26 22:20:00,26.36044,51.83251,13.5,31.8,30.0,MV SAGAR,cargo,111.0,9.8,0
628663284,2026-08-26 22:30:00,26.39194,51.85488,13.6,32.4,39.0,MV SAGAR,cargo,111.0,9.8,0
628663284,2026-08-26 22:40:00,26.42386,51.87756,13.4,31.5,36.0,MV SAGAR,cargo,111.0,9.8,0
628663284,2026-08-26 22:50:00,26.4552,51.89983,13.5,33.2,36.0,MV SAGAR,cargo,111.0,9.8,0
628663284,2026-08-26 23:00:00,26.48688,51.92234,13.2,32.3,32.0,MV SAGAR,cargo,111.0,9.8,0
628663284,2026-08-26 23:10:00,26.51781,51.94433,13.0,32.2,36.0,MV SAGAR,cargo,111.0,9.8,0
628663284,2026-08-26 23:20:00,26.54836,51.96606,13.4,31.1,28.0,MV SAGAR,cargo,111.0,9.8,0
628663284,2026-08-26 23:30:00,26.57981,51.98843,13.8,32.4,31.0,MV SAGAR,cargo,111.0,9.8,0
628663284,2026-08-26 23:40:00,26.61209,52.0114,13.3,31.0,37.0,MV SAGAR,cargo,111.0,9.8,0
628663284,2026-08-26 23:50:00,26.64324,52.03357,13.3,33.8,33.0,MV SAGAR,cargo,111.0,9.8,0
628663284,2026-08-27 00:00:00,26.67432,52.0557,13.7,32.7,35.0,MV SAGAR,cargo,111.0,9.8,0
722360574,2026-08-26 00:00:00,26.24161,50.8753,11.0,108.9,106.0,MT HORIZON,tanker,139.8,12.2,0
722360574,2026-08-26 00:10:00,26.23186,50.90768,11.2,109.8,107.0,MT HORIZON,tanker,139.8,12.2,0
722360574,2026-08-26 00:20:00,26.22198,50.94051,11.5,107.6,108.0,MT HORIZON,tanker,139.8,12.2,0
722360574,2026-08-26 00:30:00,26.21184,50.97416,11.0,108.2,111.0,MT HORIZON,tanker,139.8,12.2,0
722360574,2026-08-26 00:40:00,26.20209,51.00657,10.9,109.0,109.0,MT HORIZON,tanker,139.8,12.2,0
722360574,2026-08-26 00:50:00,26.1925,51.0384,11.1,107.1,109.0,MT HORIZON,tanker,139.8,12.2,0
722360574,2026-08-26 01:00:00,26.18266,51.07107,11.2,108.8,109.0,MT HORIZON,tanker,139.8,12.2,0
722360574,2026-08-26 01:10:00,26.17281,51.10377,11.7,108.3,105.0,MT HORIZON,tanker,139.8,12.2,0
722360574,2026-08-26 01:20:00,26.16249,51.13804,11.3,108.8,113.0,MT HORIZON,tanker,139.8,12.2,0
722360574,2026-08-26 01:30:00,26.15249,51.17126,11.5,108.9,113.0,MT HORIZON,tanker,139.8,12.2,0
722360574,2026-08-26 01:40:00,26.14233,51.20496,11.0,107.9,106.0,MT HORIZON,tanker,139.8,12.2,0
722360574,2026-08-26 01:50:00,26.13263,51.23718,11.2,107.2,110.0,MT HORIZON,tanker,139.8,12.2,0
722360574,2026-08-26 02:00:00,26.12275,51.26997,11.2,107.1,105.0,MT HORIZON,tanker,139.8,12.2,0
722360574,2026-08-26 02:10:00,26.11283,51.30289,11.4,109.4,115.0,MT HORIZON,tanker,139.8,12.2,0
722360574,2026-08-26 02:20:00,26.10279,51.33619,12.0,109.0,106.0,MT HORIZON,tanker,139.8,12.2,0
722360574,2026-08-26 02:30:00,26.11339,51.30098,10.8,288.8,286.0,MT HORIZON,tanker,139.8,12.2,0
722360574,2026-08-26 02:40:00,26.12288,51.26946,11.2,287.9,288.0,MT HORIZON,tanker,139.8,12.2,0
722360574,2026-08-26 02:50:00,26.13275,51.23668,11.6,288.7,288.0,MT HORIZON,tanker,139.8,12.2,0
722360574,2026-08-26 03:00:00,26.14295,51.20281,11.0,286.9,287.0,MT HORIZON,tanker,139.8,12.2,0
722360574,2026-08-26 03:10:00,26.15268,51.17048,11.3,290.3,289.0,MT HORIZON,tanker,139.8,12.2,0
722360574,2026-08-26 03:20:00,26.16263,51.13743,11.5,288.0,285.0,MT HORIZON,tanker,139.8,12.2,0
722360574,2026-08-26 03:30:00,26.1728,51.10361,11.0,287.8,295.0,MT HORIZON,tanker,139.8,12.2,0
722360574,2026-08-26 03:40:00,26.18255,51.07122,11.1,289.4,286.0,MT HORIZON,tanker,139.8,12.2,0
722360574,2026-08-26 03:50:00,26.19233,51.03872,11.5,288.9,288.0,MT HORIZON,tanker,139.8,12.2,0
722360574,2026-08-26 04:00:00,26.2025,51.00493,11.3,287.9,290.0,MT HORIZON,tanker,139.8,12.2,0
722360574,2026-08-26 04:10:00,26.21245,50.97186,11.2,287.3,285.0,MT HORIZON,tanker,139.8,12.2,0
722360574,2026-08-26 04:20:00,26.22231,50.93908,11.3,290.1,289.0,MT HORIZON,tanker,139.8,12.2,0
722360574,2026-08-26 04:30:00,26.2323,50.90584,11.3,288.8,292.0,MT HORIZON,tanker,139.8,12.2,0
722360574,2026-08-26 04:40:00,26.24224,50.87281,11.3,288.1,292.0,MT HORIZON,tanker,139.8,12.2,0
722360574,2026-08-26 04:50:00,26.25225,50.83953,11.4,290.1,289.0,MT HORIZON,tanker,139.8,12.2,0
722360574,2026-08-26 05:00:00,26.2623,50.8061,11.0,287.2,293.0,MT HORIZON,tanker,139.8,12.2,0
722360574,2026-08-26 05:10:00,26.27199,50.77387,11.7,288.4,287.0,MT HORIZON,tanker,139.8,12.2,0
722360574,2026-08-26 05:20:00,26.28233,50.73948,11.7,287.4,286.0,MT HORIZON,tanker,139.8,12.2,0
722360574,2026-08-26 05:30:00,26.29261,50.70528,11.4,288.1,289.0,MT HORIZON,tanker,139.8,12.2,0
722360574,2026-08-26 05:40:00,26.2825,50.73888,11.2,108.9,113.0,MT HORIZON,tanker,139.8,12.2,0
722360574,2026-08-26 05:50:00,26.27257,50.77188,11.3,109.2,102.0,MT HORIZON,tanker,139.8,12.2,0
722360574,2026-08-26 06:00:00,26.26259,50.80507,11.3,107.7,105.0,MT HORIZON,tanker,139.8,12.2,0
722360574,2026-08-26 06:10:00,26.25263,50.83815,11.1,108.2,111.0,MT HORIZON,tanker,139.8,12.2,0
722360574,2026-08-26 06:20:00,26.24285,50.87062,11.0,108.6,107.0,MT HORIZON,tanker,139.8,12.2,0
722360574,2026-08-26 06:30:00,26.23318,50.90276,11.2,109.5,110.0,MT HORIZON,tanker,139.8,12.2,0
722360574,2026-08-26 06:40:00,26.22328,50.93563,11.6,108.4,106.0,MT HORIZON,tanker,139.8,12.2,0
722360574,2026-08-26 06:50:00,26.21302,50.96972,11.2,108.8,109.0,MT HORIZON,tanker,139.8,12.2,0
722360574,2026-08-26 07:00:00,26.2031,51.00266,11.0,108.6,109.0,MT HORIZON,tanker,139.8,12.2,0
722360574,2026-08-26 07:10:00,26.19338,51.03497,11.9,110.4,106.0,MT HORIZON,tanker,139.8,12.2,0
722360574,2026-08-26 07:20:00,26.18285,51.06991,11.2,107.1,107.0,MT HORIZON,tanker,139.8,12.2,0
722360574,2026-08-26 07:30:00,26.17295,51.1028,11.4,109.8,106.0,MT HORIZON,tanker,139.8,12.2,0
722360574,2026-08-26 07:40:00,26.16291,51.13612,11.1,106.4,108.0,MT HORIZON,tanker,139.8,12.2,0
722360574,2026-08-26 07:50:00,26.15309,51.16873,11.0,108.0,106.0,MT HORIZON,tanker,139.8,12.2,0
722360574,2026-08-26 08:00:00,26.14335,51.20104,11.3,106.8,104.0,MT HORIZON,tanker,139.8,12.2,0
722360574,2026-08-26 08:10:00,26.13341,51.23406,11.8,107.3,105.0,MT HORIZON,tanker,139.8,12.2,0
722360574,2026-08-26 08:20:00,26.12297,51.2687,11.7,111.4,105.0,MT HORIZON,tanker,139.8,12.2,0
722360574,2026-08-26 08:30:00,26.1126,51.30312,11.2,108.9,114.0,MT HORIZON,tanker,139.8,12.2,0
722360574,2026-08-26 08:40:00,26.10271,51.33593,11.0,108.3,111.0,MT HORIZON,tanker,139.8,12.2,0
722360574,2026-08-26 08:50:00,26.11245,51.30357,11.4,288.2,288.0,MT HORIZON,tanker,139.8,12.2,0
722360574,2026-08-26 09:00:00,26.12251,51.27017,10.9,288.3,288.0,MT HORIZON,tanker,139.8,12.2,0
722360574,2026-08-26 09:10:00,26.13216,51.2381,11.3,288.0,290.0,MT HORIZON,tanker,139.8,12.2,0
722360574,2026-08-26 09:20:00,26.14218,51.20484,11.5,288.7,290.0,MT HORIZON,tanker,139.8,12.2,0
722360574,2026-08-26 09:30:00,26.15236,51.17101,11.3,288.5,286.0,MT HORIZON,tanker,139.8,12.2,0
722360574,2026-08-26 09:40:00,26.16233,51.13788,11.4,288.4,295.0,MT HORIZON,tanker,139.8,12.2,0
722360574,2026-08-26 09:50:00,26.17236,51.10455,11.7,288.9,286.0,MT HORIZON,tanker,139.8,12.2,0
722360574,2026-08-26 10:00:00,26.18267,51.0703,11.0,289.7,289.0,MT HORIZON,tanker,139.8,12.2,0
722360574,2026-08-26 10:10:00,26.19238,51.03801,11.4,286.8,291.0,MT HORIZON,tanker,139.8,12.2,0
722360574,2026-08-26 10:20:00,26.20245,51.00455,11.4,287.4,287.0,MT HORIZON,tanker,139.8,12.2,0
722360574,2026-08-26 10:30:00,26.21251,50.97111,11.4,288.6,288.0,MT HORIZON,tanker,139.8,12.2,0
722360574,2026-08-26 10:40:00,26.22253,50.93781,11.3,288.3,289.0,MT HORIZON,tanker,139.8,12.2,0
722360574,2026-08-26 10:50:00,26.23246,50.90477,11.7,286.0,288.0,MT HORIZON,tanker,139.8,12.2,0
722360574,2026-08-26 11:00:00,26.24275,50.87058,11.3,288.8,287.0,MT HORIZON,tanker,139.8,12.2,0
722360574,2026-08-26 11:10:00,26.25275,50.83733,10.8,288.9,294.0,MT HORIZON,tanker,139.8,12.2,0
722360574,2026-08-26 11:20:00,26.26232,50.8055,10.9,289.4,288.0,MT HORIZON,tanker,139.8,12.2,0
722360574,2026-08-26 11:30:00,26.27194,50.7735,11.3,287.5,288.0,MT HORIZON,tanker,139.8,12.2,0
722360574,2026-08-26 11:40:00,26.28189,50.74042,11.6,289.1,294.0,MT HORIZON,tanker,139.8,12.2,0
722360574,2026-08-26 11:50:00,26.29214,50.70633,11.6,289.0,294.0,MT HORIZON,tanker,139.8,12.2,0
722360574,2026-08-26 12:00:00,26.28191,50.74032,11.4,109.4,108.0,MT HORIZON,tanker,139.8,12.2,0
722360574,2026-08-26 12:10:00,26.27184,50.77377,11.3,107.8,112.0,MT HORIZON,tanker,139.8,12.2,0
722360574,2026-08-26 12:20:00,26.26186,50.80694,11.0,109.3,108.0,MT HORIZON,tanker,139.8,12.2,0
722360574,2026-08-26 12:30:00,26.25215,50.83919,11.6,109.3,114.0,MT HORIZON,tanker,139.8,12.2,0
722360574,2026-08-26 12:40:00,26.24193,50.87317,11.5,107.0,108.0,MT HORIZON,tanker,139.8,12.2,0
722360574,2026-08-26 12:50:00,26.2318,50.90682,11.0,108.0,113.0,MT HORIZON,tanker,139.8,12.2,0
722360574,2026-08-26 13:00:00,26.22209,50.93907,11.4,107.8,106.0,MT HORIZON,tanker,139.8,12.2,0
722360574,2026-08-26 13:10:00,26.21198,50.97264,11.3,107.3,107.0,MT HORIZON,tanker,139.8,12.2,0
722360574,2026-08-26 13:20:00,26.20201,51.00577,11.4,109.7,110.0,MT HORIZON,tanker,139.8,12.2,0
722360574,2026-08-26 13:30:00,26.19197,51.0391,10.7,108.8,109.0,MT HORIZON,tanker,139.8,12.2,0
722360574,2026-08-26 13:40:00,26.18251,51.07052,11.4,110.2,102.0,MT HORIZON,tanker,139.8,12.2,0
722360574,2026-08-26 13:50:00,26.17245,51.10392,11.1,109.1,104.0,MT HORIZON,tanker,139.8,12.2,0
722360574,2026-08-26 14:00:00,26.16261,51.13658,11.7,108.9,111.0,MT HORIZON,tanker,139.8,12.2,0
722360574,2026-08-26 14:10:00,26.15232,51.17075,11.1,109.4,112.0,MT HORIZON,tanker,139.8,12.2,0
722360574,2026-08-26 14:20:00,26.14248,51.20342,11.3,108.8,109.0,MT HORIZON,tanker,139.8,12.2,0
722360574,2026-08-26 14:30:00,26.13246,51.23667,11.1,108.4,108.0,MT HORIZON,tanker,139.8,12.2,0
722360574,2026-08-26 14:40:00,26.12268,51.26912,11.4,109.5,105.0,MT HORIZON,tanker,139.8,12.2,0
722360574,2026-08-26 14:50:00,26.11263,51.30248,11.3,110.0,106.0,MT HORIZON,tanker,139.8,12.2,0
722360574,2026-08-26 15:00:00,26.10269,51.33547,11.1,108.7,111.0,MT HORIZON,tanker,139.8,12.2,0
722360574,2026-08-26 15:10:00,26.11247,51.30299,11.3,289.9,291.0,MT HORIZON,tanker,139.8,12.2,0
722360574,2026-08-26 15:20:00,26.12243,51.2699,11.5,289.1,296.0,MT HORIZON,tanker,139.8,12.2,0
722360574,2026-08-26 15:30:00,26.13258,51.2362,11.2,286.5,293.0,MT HORIZON,tanker,139.8,12.2,0
722360574,2026-08-26 15:40:00,26.14249,51.20326,11.2,288.7,292.0,MT HORIZON,tanker,139.8,12.2,0
722360574,2026-08-26 15:50:00,26.15235,51.17051,10.9,287.3,284.0,MT HORIZON,tanker,139.8,12.2,0
722360574,2026-08-26 16:00:00,26.16196,51.13859,11.1,289.0,290.0,MT HORIZON,tanker,139.8,12.2,0
722360574,2026-08-26 16:10:00,26.17174,51.10608,11.4,287.1,282.0,MT HORIZON,tanker,139.8,12.2,0
722360574,2026-08-26 16:20:00,26.18176,51.07277,11.3,288.1,290.0,MT HORIZON,tanker,139.8,12.2,0
722360574,2026-08-26 16:30:00,26.19173,51.03963,11.5,288.7,291.0,MT HORIZON,tanker,139.8,12.2,0
722360574,2026-08-26 16:40:00,26.20185,51.00601,11.3,289.1,286.0,MT HORIZON,tanker,139.8,12.2,0
722360574,2026-08-26 16:50:00,26.21186,50.97274,11.2,288.7,291.0,MT HORIZON,tanker,139.8,12.2,0
722360574,2026-08-26 17:00:00,26.22178,50.93976,11.2,289.1,288.0,MT HORIZON,tanker,139.8,12.2,0
722360574,2026-08-26 17:10:00,26.23165,50.90694,11.3,289.4,283.0,MT HORIZON,tanker,139.8,12.2,0
722360574,2026-08-26 17:20:00,26.24159,50.87391,11.0,287.1,282.0,MT HORIZON,tanker,139.8,12.2,0
722360574,2026-08-26 17:30:00,26.25126,50.84174,11.1,289.3,288.0,MT HORIZON,tanker,139.8,12.2,0
722360574,2026-08-26 17:40:00,26.26107,50.80912,11.3,289.6,293.0,MT HORIZON,tanker,139.8,12.2,0
722360574,2026-08-26 17:50:00,26.27108,50.77585,11.3,289.9,289.0,MT HORIZON,tanker,139.8,12.2,0
722360574,2026-08-26 18:00:00,26.28102,50.74277,11.1,287.9,284.0,MT HORIZON,tanker,139.8,12.2,0
722360574,2026-08-26 18:10:00,26.2908,50.71026,11.1,288.2,291.0,MT HORIZON,tanker,139.8,12.2,0
722360574,2026-08-26 18:20:00,26.28102,50.74273,11.7,107.2,110.0,MT HORIZON,tanker,139.8,12.2,0
722360574,2026-08-26 18:30:00,26.27068,50.77712,11.0,109.0,108.0,MT HORIZON,tanker,139.8,12.2,0
722360574,2026-08-26 18:40:00,26.26094,50.80948,10.8,109.5,107.0,MT HORIZON,tanker,139.8,12.2,0
722360574,2026-08-26 18:50:00,26.25138,50.84125,11.2,107.5,107.0,MT HORIZON,tanker,139.8,12.2,0
722360574,2026-08-26 19:00:00,26.24153,50.87398,11.4,108.4,110.0,MT HORIZON,tanker,139.8,12.2,0
722360574,2026-08-26 19:10:00,26.23146,50.9074,11.4,109.9,108.0,MT HORIZON,tanker,139.8,12.2,0
722360574,2026-08-26 19:20:00,26.22142,50.94078,10.9,109.6,108.0,MT HORIZON,tanker,139.8,12.2,0
722360574,2026-08-26 19:30:00,26.21177,50.9728,11.6,108.9,108.0,MT HORIZON,tanker,139.8,12.2,0
722360574,2026-08-26 19:40:00,26.20156,51.00672,11.4,110.5,115.0,MT HORIZON,tanker,139.8,12.2,0
722360574,2026-08-26 19:50:00,26.19152,51.04008,11.3,108.7,112.0,MT HORIZON,tanker,139.8,12.2,0
722360574,2026-08-26 20:00:00,26.18153,51.07323,11.1,108.9,108.0,MT HORIZON,tanker,139.8,12.2,0
722360574,2026-08-26 20:10:00,26.17175,51.1057,11.4,107.7,104.0,MT HORIZON,tanker,139.8,12.2,0
722360574,2026-08-26 20:20:00,26.16172,51.13903,10.8,107.4,107.0,MT HORIZON,tanker,139.8,12.2,0
722360574,2026-08-26 20:30:00,26.15221,51.1706,11.2,110.5,112.0,MT HORIZON,tanker,139.8,12.2,0
722360574,2026-08-26 20:40:00,26.1423,51.20347,11.0,108.9,107.0,MT HORIZON,tanker,139.8,12.2,0
722360574,2026-08-26 20:50:00,26.13255,51.23585,11.2,108.7,110.0,MT HORIZON,tanker,139.8,12.2,0
722360574,2026-08-26 21:00:00,26.12264,51.26872,11.2,109.6,105.0,MT HORIZON,tanker,139.8,12.2,0
722360574,2026-08-26 21:10:00,26.11275,51.30155,11.3,111.1,109.0,MT HORIZON,tanker,139.8,12.2,0
722360574,2026-08-26 21:20:00,26.10278,51.33463,11.6,108.6,110.0,MT HORIZON,tanker,139.8,12.2,0
722360574,2026-08-26 21:30:00,26.11306,51.3005,11.3,288.4,286.0,MT HORIZON,tanker,139.8,12.2,0
722360574,2026-08-26 21:40:00,26.123,51.26746,11.4,287.7,291.0,MT HORIZON,tanker,139.8,12.2,0
722360574,2026-08-26 21:50:00,26.13306,51.23406,11.6,288.9,288.0,MT HORIZON,tanker,139.8,12.2,0
722360574,2026-08-26 22:00:00,26.14326,51.20018,11.4,288.2,291.0,MT HORIZON,tanker,139.8,12.2,0
722360574,2026-08-26 22:10:00,26.15332,51.16676,10.8,288.2,283.0,MT HORIZON,tanker,139.8,12.2,0
722360574,2026-08-26 22:20:00,26.16288,51.13501,10.9,289.9,291.0,MT HORIZON,tanker,139.8,12.2,0
722360574,2026-08-26 22:30:00,26.17251,51.10301,11.1,287.0,280.0,MT HORIZON,tanker,139.8,12.2,0
722360574,2026-08-26 22:40:00,26.18231,51.07044,11.2,291.0,290.0,MT HORIZON,tanker,139.8,12.2,0
722360574,2026-08-26 22:50:00,26.19215,51.03773,11.1,289.0,284.0,MT HORIZON,tanker,139.8,12.2,0
722360574,2026-08-26 23:00:00,26.20198,51.00504,11.2,288.6,288.0,MT HORIZON,tanker,139.8,12.2,0
722360574,2026-08-26 23:10:00,26.21188,50.97215,11.5,288.9,291.0,MT HORIZON,tanker,139.8,12.2,0
722360574,2026-08-26 23:20:00,26.22201,50.93846,11.1,289.4,293.0,MT HORIZON,tanker,139.8,12.2,0
722360574,2026-08-26 23:30:00,26.23182,50.90585,11.0,287.7,293.0,MT HORIZON,tanker,139.8,12.2,0
722360574,2026-08-26 23:40:00,26.24157,50.87345,11.2,289.9,287.0,MT HORIZON,tanker,139.8,12.2,0
722360574,2026-08-26 23:50:00,26.25149,50.84047,11.6,288.7,289.0,MT HORIZON,tanker,139.8,12.2,0
722360574,2026-08-27 00:00:00,26.26177,50.80628,11.7,288.2,286.0,MT HORIZON,tanker,139.8,12.2,0
745618834,2026-08-26 00:00:00,26.90424,51.9983,20.4,177.8,175.0,MS KONKAN,passenger,87.9,5.2,0
745618834,2026-08-26 00:10:00,26.84764,52.00097,20.6,178.2,179.0,MS KONKAN,passenger,87.9,5.2,0
745618834,2026-08-26 00:20:00,26.79043,52.00368,20.6,177.9,184.0,MS KONKAN,passenger,87.9,5.2,0
745618834,2026-08-26 00:30:00,26.73332,52.00638,20.4,177.3,175.0,MS KONKAN,passenger,87.9,5.2,0
745618834,2026-08-26 00:40:00,26.67666,52.00905,20.2,176.3,175.0,MS KONKAN,passenger,87.9,5.2,0
745618834,2026-08-26 00:50:00,26.62066,52.01169,20.4,177.9,178.0,MS KONKAN,passenger,87.9,5.2,0
745618834,2026-08-26 01:00:00,26.56399,52.01437,20.3,178.5,180.0,MS KONKAN,passenger,87.9,5.2,0
745618834,2026-08-26 01:10:00,26.5078,52.01701,20.4,176.9,179.0,MS KONKAN,passenger,87.9,5.2,0
745618834,2026-08-26 01:20:00,26.45119,52.01968,20.5,176.1,177.0,MS KONKAN,passenger,87.9,5.2,0
745618834,2026-08-26 01:30:00,26.39434,52.02236,20.5,176.7,178.0,MS KONKAN,passenger,87.9,5.2,0
745618834,2026-08-26 01:40:00,26.33744,52.02504,20.1,178.9,181.0,MS KONKAN,passenger,87.9,5.2,0
745618834,2026-08-26 01:50:00,26.28173,52.02766,20.4,177.9,170.0,MS KONKAN,passenger,87.9,5.2,0
745618834,2026-08-26 02:00:00,26.22519,52.03032,20.2,177.3,174.0,MS KONKAN,passenger,87.9,5.2,0
745618834,2026-08-26 02:10:00,26.16927,52.03295,20.6,179.6,174.0,MS KONKAN,passenger,87.9,5.2,0
745618834,2026-08-26 02:20:00,26.11205,52.03563,20.2,177.8,182.0,MS KONKAN,passenger,87.9,5.2,0
745618834,2026-08-26 02:30:00,26.16819,52.033,20.1,357.8,3.0,MS KONKAN,passenger,87.9,5.2,0
745618834,2026-08-26 02:40:00,26.22406,52.03037,20.0,356.3,356.0,MS KONKAN,passenger,87.9,5.2,0
745618834,2026-08-26 02:50:00,26.27964,52.02775,20.3,358.4,358.0,MS KONKAN,passenger,87.9,5.2,0
745618834,2026-08-26 03:00:00,26.336,52.0251,20.0,358.1,356.0,MS KONKAN,passenger,87.9,5.2,0
745618834,2026-08-26 03:10:00,26.39148,52.02249,20.8,357.0,356.0,MS KONKAN,passenger,87.9,5.2,0
745618834,2026-08-26 03:20:00,26.44909,52.01977,20.6,358.3,359.0,MS KONKAN,passenger,87.9,5.2,0
745618834,2026-08-26 03:30:00,26.50618,52.01708,20.0,358.1,354.0,MS KONKAN,passenger,87.9,5.2,0
745618834,2026-08-26 03:40:00,26.56173,52.01446,20.5,356.2,359.0,MS KONKAN,passenger,87.9,5.2,0
745618834,2026-08-26 03:50:00,26.61861,52.01178,20.2,356.3,360.0,MS KONKAN,passenger,87.9,5.2,0
745618834,2026-08-26 04:00:00,26.67477,52.00913,20.5,357.0,2.0,MS KONKAN,passenger,87.9,5.2,0
745618834,2026-08-26 04:10:00,26.73166,52.00644,20.3,357.6,358.0,MS KONKAN,passenger,87.9,5.2,0
745618834,2026-08-26 04:20:00,26.78807,52.00377,20.3,358.1,356.0,MS KONKAN,passenger,87.9,5.2,0
745618834,2026-08-26 04:30:00,26.84436,52.00111,20.3,358.9,354.0,MS KONKAN,passenger,87.9,5.2,0
745618834,2026-08-26 04:40:00,26.9008,51.99844,19.8,359.2,5.0,MS KONKAN,passenger,87.9,5.2,0
745618834,2026-08-26 04:50:00,26.95584,51.99584,20.3,355.6,357.0,MS KONKAN,passenger,87.9,5.2,0
745618834,2026-08-26 05:00:00,27.01228,51.99317,20.4,357.4,354.0,MS KONKAN,passenger,87.9,5.2,0
745618834,2026-08-26 05:10:00,27.0688,51.99049,20.6,358.1,353.0,MS KONKAN,passenger,87.9,5.2,0
745618834,2026-08-26 05:20:00,27.12592,51.98778,20.6,359.6,358.0,MS KONKAN,passenger,87.9,5.2,0
745618834,2026-08-26 05:30:00,27.18313,51.98507,20.4,357.4,359.0,MS KONKAN,passenger,87.9,5.2,0
745618834,2026-08-26 05:40:00,27.23961,51.98239,20.0,357.7,356.0,MS KONKAN,passenger,87.9,5.2,0
745618834,2026-08-26 05:50:00,27.29513,51.97975,20.9,357.4,3.0,MS KONKAN,passenger,87.9,5.2,0
745618834,2026-08-26 06:00:00,27.23713,51.9825,20.2,178.2,179.0,MS KONKAN,passenger,87.9,5.2,0
745618834,2026-08-26 06:10:00,27.18118,51.98516,20.2,177.8,181.0,MS KONKAN,passenger,87.9,5.2,0
745618834,2026-08-26 06:20:00,27.12506,51.98782,20.4,175.9,178.0,MS KONKAN,passenger,87.9,5.2,0
745618834,2026-08-26 06:30:00,27.06857,51.99049,20.2,177.2,177.0,MS KONKAN,passenger,87.9,5.2,0
745618834,2026-08-26 06:40:00,27.01247,51.99315,20.0,176.0,179.0,MS KONKAN,passenger,87.9,5.2,0
745618834,2026-08-26 06:50:00,26.95694,51.99578,20.3,175.0,180.0,MS KONKAN,passenger,87.9,5.2,0
745618834,2026-08-26 07:00:00,26.90058,51.99844,20.5,176.9,174.0,MS KONKAN,passenger,87.9,5.2,0
745618834,2026-08-26 07:10:00,26.84367,52.00113,20.7,177.9,185.0,MS KONKAN,passenger,87.9,5.2,0
745618834,2026-08-26 07:20:00,26.78637,52.00384,20.6,178.0,177.0,MS KONKAN,passenger,87.9,5.2,0
745618834,2026-08-26 07:30:00,26.72936,52.00653,20.7,178.2,181.0,MS KONKAN,passenger,87.9,5.2,0
745618834,2026-08-26 07:40:00,26.67208,52.00924,20.3,177.1,176.0,MS KONKAN,passenger,87.9,5.2,0
745618834,2026-08-26 07:50:00,26.61572,52.0119,20.6,179.1,176.0,MS KONKAN,passenger,87.9,5.2,0
745618834,2026-08-26 08:00:00,26.55845,52.0146,20.3,177.9,177.0,MS KONKAN,passenger,87.9,5.2,0
745618834,2026-08-26 08:10:00,26.50203,52.01726,20.7,175.3,175.0,MS KONKAN,passenger,87.9,5.2,0
745618834,2026-08-26 08:20:00,26.44465,52.01996,20.3,175.3,175.0,MS KONKAN,passenger,87.9,5.2,0
745618834,2026-08-26 08:30:00,26.38847,52.02261,20.2,177.4,181.0,MS KONKAN,passenger,87.9,5.2,0
745618834,2026-08-26 08:40:00,26.33239,52.02525,20.4,176.6,177.0,MS KONKAN,passenger,87.9,5.2,0
745618834,2026-08-26 08:50:00,26.27584,52.02791,20.7,176.6,175.0,MS KONKAN,passenger,87.9,5.2,0
745618834,2026-08-26 09:00:00,26.21839,52.03061,20.6,177.4,180.0,MS KONKAN,passenger,87.9,5.2,0
745618834,2026-08-26 09:10:00,26.16128,52.03329,20.4,146.4,143.0,MS KONKAN,passenger,87.9,5.2,0
745618834,2026-08-26 09:20:00,26.11438,52.0689,20.4,145.5,142.0,MS KONKAN,passenger,87.9,5.2,0
745618834,2026-08-26 09:30:00,26.16128,52.03328,20.1,326.4,325.0,MS KONKAN,passenger,87.9,5.2,0
745618834,2026-08-26 09:40:00,26.20728,51.99831,20.2,325.6,329.0,MS KONKAN,passenger,87.9,5.2,0
745618834,2026-08-26 09:50:00,26.25359,51.9631,19.9,324.2,323.0,MS KONKAN,passenger,87.9,5.2,0
745618834,2026-08-26 10:00:00,26.29919,51.92842,20.8,326.0,328.0,MS KONKAN,passenger,87.9,5.2,0
745618834,2026-08-26 10:10:00,26.34692,51.8921,20.2,324.6,327.0,MS KONKAN,passenger,87.9,5.2,0
745618834,2026-08-26 10:20:00,26.39317,51.85689,20.5,326.3,325.0,MS KONKAN,passenger,87.9,5.2,0
745618834,2026-08-26 10:30:00,26.4401,51.82115,20.5,325.9,328.0,MS KONKAN,passenger,87.9,5.2,0
745618834,2026-08-26 10:40:00,26.48716,51.7853,20.7,324.1,319.0,MS KONKAN,passenger,87.9,5.2,0
745618834,2026-08-26 10:50:00,26.53453,51.7492,20.7,326.9,323.0,MS KONKAN,passenger,87.9,5.2,0
745618834,2026-08-26 11:00:00,26.582,51.713,20.0,325.8,329.0,MS KONKAN,passenger,87.9,5.2,0
745618834,2026-08-26 11:10:00,26.62783,51.67804,20.9,326.2,325.0,MS KONKAN,passenger,87.9,5.2,0
745618834,2026-08-26 11:20:00,26.67576,51.64146,20.2,325.7,325.0,MS KONKAN,passenger,87.9,5.2,0
745618834,2026-08-26 11:30:00,26.72215,51.60605,20.2,327.8,331.0,MS KONKAN,passenger,87.9,5.2,0
745618834,2026-08-26 11:40:00,26.76847,51.57067,20.7,324.8,328.0,MS KONKAN,passenger,87.9,5.2,0
745618834,2026-08-26 11:50:00,26.81602,51.53434,20.6,326.2,329.0,MS KONKAN,passenger,87.9,5.2,0
745618834,2026-08-26 12:00:00,26.86329,51.49821,20.6,326.5,328.0,MS KONKAN,passenger,87.9,5.2,0
745618834,2026-08-26 12:10:00,26.91055,51.46207,20.5,323.9,326.0,MS KONKAN,passenger,87.9,5.2,0
745618834,2026-08-26 12:20:00,26.95765,51.42604,20.3,324.4,331.0,MS KONKAN,passenger,87.9,5.2,0
745618834,2026-08-26 12:30:00,27.00423,51.39039,20.9,327.1,326.0,MS KONKAN,passenger,87.9,5.2,0
745618834,2026-08-26 12:40:00,27.05212,51.35372,20.8,325.7,326.0,MS KONKAN,passenger,87.9,5.2,0
745618834,2026-08-26 12:50:00,27.09979,51.3172,20.2,326.1,326.0,MS KONKAN,passenger,87.9,5.2,0
745618834,2026-08-26 13:00:00,27.14607,51.28174,20.1,325.7,325.0,MS KONKAN,passenger,87.9,5.2,0
745618834,2026-08-26 13:10:00,27.19222,51.24636,20.9,326.6,326.0,MS KONKAN,passenger,87.9,5.2,0
745618834,2026-08-26 13:20:00,27.24015,51.2096,20.5,325.8,325.0,MS KONKAN,passenger,87.9,5.2,0
745618834,2026-08-26 13:30:00,27.28719,51.1735,20.2,325.6,323.0,MS KONKAN,passenger,87.9,5.2,0
745618834,2026-08-26 13:40:00,27.2409,51.209,20.1,146.2,147.0,MS KONKAN,passenger,87.9,5.2,0
745618834,2026-08-26 13:50:00,27.19471,51.2444,20.0,145.6,149.0,MS KONKAN,passenger,87.9,5.2,0
745618834,2026-08-26 14:00:00,27.14883,51.27956,20.7,146.7,146.0,MS KONKAN,passenger,87.9,5.2,0
745618834,2026-08-26 14:10:00,27.10131,51.31595,20.2,144.6,147.0,MS KONKAN,passenger,87.9,5.2,0
745618834,2026-08-26 14:20:00,27.05489,51.35149,20.5,147.0,149.0,MS KONKAN,passenger,87.9,5.2,0
745618834,2026-08-26 14:30:00,27.00776,51.38755,20.4,144.5,145.0,MS KONKAN,passenger,87.9,5.2,0
745618834,2026-08-26 14:40:00,26.96093,51.42337,20.5,145.5,144.0,MS KONKAN,passenger,87.9,5.2,0
745618834,2026-08-26 14:50:00,26.91389,51.45934,20.5,145.2,144.0,MS KONKAN,passenger,87.9,5.2,0
745618834,2026-08-26 15:00:00,26.86684,51.4953,20.5,145.3,146.0,MS KONKAN,passenger,87.9,5.2,0
745618834,2026-08-26 15:10:00,26.81975,51.53127,20.5,144.6,144.0,MS KONKAN,passenger,87.9,5.2,0
745618834,2026-08-26 15:20:00,26.77269,51.56721,20.8,144.6,139.0,MS KONKAN,passenger,87.9,5.2,0
745618834,2026-08-26 15:30:00,26.72495,51.60364,20.0,145.7,146.0,MS KONKAN,passenger,87.9,5.2,0
745618834,2026-08-26 15:40:00,26.67911,51.63862,20.4,146.9,138.0,MS KONKAN,passenger,87.9,5.2,0
745618834,2026-08-26 15:50:00,26.63227,51.67435,20.5,147.3,142.0,MS KONKAN,passenger,87.9,5.2,0
745618834,2026-08-26 16:00:00,26.58513,51.71028,20.4,145.0,143.0,MS KONKAN,passenger,87.9,5.2,0
745618834,2026-08-26 16:10:00,26.53844,51.74586,20.4,147.1,151.0,MS KONKAN,passenger,87.9,5.2,0
745618834,2026-08-26 16:20:00,26.49172,51.78145,20.4,147.6,146.0,MS KONKAN,passenger,87.9,5.2,0
745618834,2026-08-26 16:30:00,26.445,51.81702,20.9,145.6,146.0,MS KONKAN,passenger,87.9,5.2,0
745618834,2026-08-26 16:40:00,26.39709,51.85349,20.5,148.9,148.0,MS KONKAN,passenger,87.9,5.2,0
745618834,2026-08-26 16:50:00,26.34997,51.88934,20.3,146.7,145.0,MS KONKAN,passenger,87.9,5.2,0
745618834,2026-08-26 17:00:00,26.30347,51.92471,20.3,146.6,146.0,MS KONKAN,passenger,87.9,5.2,0
745618834,2026-08-26 17:10:00,26.25684,51.96016,20.5,145.7,147.0,MS KONKAN,passenger,87.9,5.2,0
745618834,2026-08-26 17:20:00,26.20977,51.99592,20.6,143.8,148.0,MS KONKAN,passenger,87.9,5.2,0
745618834,2026-08-26 17:30:00,26.16262,52.03174,20.2,144.3,146.0,MS KONKAN,passenger,87.9,5.2,0
745618834,2026-08-26 17:40:00,26.11627,52.06693,20.5,145.0,148.0,MS KONKAN,passenger,87.9,5.2,0
745618834,2026-08-26 17:50:00,26.16322,52.03126,20.1,325.3,324.0,MS KONKAN,passenger,87.9,5.2,0
745618834,2026-08-26 18:00:00,26.20935,51.9962,20.4,326.0,323.0,MS KONKAN,passenger,87.9,5.2,0
745618834,2026-08-26 18:10:00,26.25623,51.96056,20.6,325.8,320.0,MS KONKAN,passenger,87.9,5.2,0
745618834,2026-08-26 18:20:00,26.30354,51.92457,20.0,325.7,325.0,MS KONKAN,passenger,87.9,5.2,0
745618834,2026-08-26 18:30:00,26.34932,51.88974,20.4,325.7,326.0,MS KONKAN,passenger,87.9,5.2,0
745618834,2026-08-26 18:40:00,26.39616,51.85408,20.7,324.6,322.0,MS KONKAN,passenger,87.9,5.2,0
745618834,2026-08-26 18:50:00,26.4436,51.81795,20.2,326.0,329.0,MS KONKAN,passenger,87.9,5.2,0
745618834,2026-08-26 19:00:00,26.48988,51.78269,20.3,323.2,321.0,MS KONKAN,passenger,87.9,5.2,0
745618834,2026-08-26 19:10:00,26.53653,51.74713,20.2,325.2,324.0,MS KONKAN,passenger,87.9,5.2,0
745618834,2026-08-26 19:20:00,26.58295,51.71174,20.5,325.4,329.0,MS KONKAN,passenger,87.9,5.2,0
745618834,2026-08-26 19:30:00,26.62987,51.67594,20.3,324.9,327.0,MS KONKAN,passenger,87.9,5.2,0
745618834,2026-08-26 19:40:00,26.67639,51.64045,20.1,326.1,326.0,MS KONKAN,passenger,87.9,5.2,0
745618834,2026-08-26 19:50:00,26.7224,51.60531,20.4,327.3,324.0,MS KONKAN,passenger,87.9,5.2,0
745618834,2026-08-26 20:00:00,26.76922,51.56956,21.0,325.5,322.0,MS KONKAN,passenger,87.9,5.2,0
745618834,2026-08-26 20:10:00,26.8173,51.53282,20.5,324.6,323.0,MS KONKAN,passenger,87.9,5.2,0
745618834,2026-08-26 20:20:00,26.86424,51.49694,20.6,326.3,324.0,MS KONKAN,passenger,87.9,5.2,0
745618834,2026-08-26 20:30:00,26.91137,51.4609,20.7,326.9,330.0,MS KONKAN,passenger,87.9,5.2,0
745618834,2026-08-26 20:40:00,26.95883,51.42459,20.6,327.1,320.0,MS KONKAN,passenger,87.9,5.2,0
745618834,2026-08-26 20:50:00,27.00604,51.38846,20.4,324.8,326.0,MS KONKAN,passenger,87.9,5.2,0
745618834,2026-08-26 21:00:00,27.05276,51.35269,20.3,325.5,331.0,MS KONKAN,passenger,87.9,5.2,0
745618834,2026-08-26 21:10:00,27.09933,51.31702,20.4,326.1,325.0,MS KONKAN,passenger,87.9,5.2,0
745618834,2026-08-26 21:20:00,27.14613,51.28115,20.5,325.7,327.0,MS KONKAN,passenger,87.9,5.2,0
745618834,2026-08-26 21:30:00,27.19307,51.24517,20.7,327.4,327.0,MS KONKAN,passenger,87.9,5.2,0
745618834,2026-08-26 21:40:00,27.24064,51.20868,20.6,324.6,325.0,MS KONKAN,passenger,87.9,5.2,0
745618834,2026-08-26 21:50:00,27.28788,51.17244,20.7,326.6,326.0,MS KONKAN,passenger,87.9,5.2,0
745618834,2026-08-26 22:00:00,27.24043,51.20882,20.7,146.2,149.0,MS KONKAN,passenger,87.9,5.2,0
745618834,2026-08-26 22:10:00,27.19301,51.24517,20.5,145.4,147.0,MS KONKAN,passenger,87.9,5.2,0
745618834,2026-08-26 22:20:00,27.14594,51.28123,19.7,146.1,135.0,MS KONKAN,passenger,87.9,5.2,0
745618834,2026-08-26 22:30:00,27.10071,51.31587,20.0,146.2,147.0,MS KONKAN,passenger,87.9,5.2,0
745618834,2026-08-26 22:40:00,27.05479,51.35102,20.2,145.0,150.0,MS KONKAN,passenger,87.9,5.2,0
745618834,2026-08-26 22:50:00,27.00855,51.38641,20.3,148.0,146.0,MS KONKAN,passenger,87.9,5.2,0
745618834,2026-08-26 23:00:00,26.96192,51.42208,20.6,147.3,146.0,MS KONKAN,passenger,87.9,5.2,0
745618834,2026-08-26 23:10:00,26.91477,51.45812,20.2,145.6,146.0,MS KONKAN,passenger,87.9,5.2,0
745618834,2026-08-26 23:20:00,26.86844,51.49354,20.1,145.5,143.0,MS KONKAN,passenger,87.9,5.2,0
745618834,2026-08-26 23:30:00,26.82231,51.52877,20.7,145.7,145.0,MS KONKAN,passenger,87.9,5.2,0
745618834,2026-08-26 23:40:00,26.77487,51.565,20.4,145.9,148.0,MS KONKAN,passenger,87.9,5.2,0
745618834,2026-08-26 23:50:00,26.72803,51.60076,20.2,144.7,149.0,MS KONKAN,passenger,87.9,5.2,0
745618834,2026-08-27 00:00:00,26.68169,51.63612,20.3,144.3,147.0,MS KONKAN,passenger,87.9,5.2,0
758180332,2026-08-26 00:00:00,26.41677,52.21903,8.9,334.1,331.0,MT CASPIAN,tanker,231.4,12.9,0
758180332,2026-08-26 00:10:00,26.43927,52.20743,9.6,335.8,333.0,MT CASPIAN,tanker,231.4,12.9,0
758180332,2026-08-26 00:20:00,26.46351,52.19493,9.1,334.4,333.0,MT CASPIAN,tanker,231.4,12.9,0
758180332,2026-08-26 00:30:00,26.48656,52.18304,9.4,334.9,341.0,MT CASPIAN,tanker,231.4,12.9,0
758180332,2026-08-26 00:40:00,26.51026,52.17081,9.6,336.5,337.0,MT CASPIAN,tanker,231.4,12.9,0
758180332,2026-08-26 00:50:00,26.53446,52.15833,9.2,335.8,334.0,MT CASPIAN,tanker,231.4,12.9,0
758180332,2026-08-26 01:00:00,26.5576,52.14638,9.7,335.6,336.0,MT CASPIAN,tanker,231.4,12.9,0
758180332,2026-08-26 01:10:00,26.58204,52.13377,9.3,337.0,331.0,MT CASPIAN,tanker,231.4,12.9,0
758180332,2026-08-26 01:20:00,26.60553,52.12164,9.7,335.0,331.0,MT CASPIAN,tanker,231.4,12.9,0
758180332,2026-08-26 01:30:00,26.6301,52.10896,9.1,333.6,337.0,MT CASPIAN,tanker,231.4,12.9,0
758180332,2026-08-26 01:40:00,26.65303,52.09711,9.0,335.4,339.0,MT CASPIAN,tanker,231.4,12.9,0
758180332,2026-08-26 01:50:00,26.67579,52.08535,9.1,335.0,331.0,MT CASPIAN,tanker,231.4,12.9,0
758180332,2026-08-26 02:00:00,26.69877,52.07348,9.2,337.8,338.0,MT CASPIAN,tanker,231.4,12.9,0
758180332,2026-08-26 02:10:00,26.72194,52.0615,9.2,334.6,335.0,MT CASPIAN,tanker,231.4,12.9,0
758180332,2026-08-26 02:20:00,26.74518,52.04949,9.3,334.8,337.0,MT CASPIAN,tanker,231.4,12.9,0
758180332,2026-08-26 02:30:00,26.76867,52.03734,9.1,334.3,336.0,MT CASPIAN,tanker,231.4,12.9,0
758180332,2026-08-26 02:40:00,26.79148,52.02555,9.0,336.0,335.0,MT CASPIAN,tanker,231.4,12.9,0
758180332,2026-08-26 02:50:00,26.81416,52.01382,8.8,335.3,330.0,MT CASPIAN,tanker,231.4,12.9,0
758180332,2026-08-26 03:00:00,26.83641,52.0023,9.5,335.0,341.0,MT CASPIAN,tanker,231.4,12.9,0
758180332,2026-08-26 03:10:00,26.86026,51.98996,9.6,334.2,329.0,MT CASPIAN,tanker,231.4,12.9,0
758180332,2026-08-26 03:20:00,26.88434,51.9775,9.1,334.0,341.0,MT CASPIAN,tanker,231.4,12.9,0
758180332,2026-08-26 03:30:00,26.90728,51.96563,9.3,336.2,334.0,MT CASPIAN,tanker,231.4,12.9,0
758180332,2026-08-26 03:40:00,26.93068,51.95351,9.2,335.2,339.0,MT CASPIAN,tanker,231.4,12.9,0
758180332,2026-08-26 03:50:00,26.95398,51.94144,9.4,334.2,340.0,MT CASPIAN,tanker,231.4,12.9,0
758180332,2026-08-26 04:00:00,26.97758,51.92922,9.2,334.8,327.0,MT CASPIAN,tanker,231.4,12.9,0
758180332,2026-08-26 04:10:00,27.00081,51.91718,9.4,335.3,336.0,MT CASPIAN,tanker,231.4,12.9,0
758180332,2026-08-26 04:20:00,27.02462,51.90484,9.2,334.6,334.0,MT CASPIAN,tanker,231.4,12.9,0
758180332,2026-08-26 04:30:00,27.04777,51.89284,9.4,335.9,335.0,MT CASPIAN,tanker,231.4,12.9,0
758180332,2026-08-26 04:40:00,27.07148,51.88055,9.5,335.1,334.0,MT CASPIAN,tanker,231.4,12.9,0
758180332,2026-08-26 04:50:00,27.09548,51.86811,9.3,333.9,336.0,MT CASPIAN,tanker,231.4,12.9,0
758180332,2026-08-26 05:00:00,27.11902,51.8559,8.9,334.2,329.0,MT CASPIAN,tanker,231.4,12.9,0
758180332,2026-08-26 05:10:00,27.14146,51.84426,9.2,336.8,335.0,MT CASPIAN,tanker,231.4,12.9,0
758180332,2026-08-26 05:20:00,27.16476,51.83217,9.4,337.6,336.0,MT CASPIAN,tanker,231.4,12.9,0
758180332,2026-08-26 05:30:00,27.18857,51.81981,9.1,334.6,335.0,MT CASPIAN,tanker,231.4,12.9,0
758180332,2026-08-26 05:40:00,27.2115,51.80791,9.1,334.7,338.0,MT CASPIAN,tanker,231.4,12.9,0
758180332,2026-08-26 05:50:00,27.23451,51.79596,9.5,333.6,333.0,MT CASPIAN,tanker,231.4,12.9,0
758180332,2026-08-26 06:00:00,27.25857,51.78347,9.2,335.8,339.0,MT CASPIAN,tanker,231.4,12.9,0
758180332,2026-08-26 06:10:00,27.28168,51.77146,10.0,334.8,334.0,MT CASPIAN,tanker,231.4,12.9,0
758180332,2026-08-26 06:20:00,27.25657,51.7845,9.4,154.5,155.0,MT CASPIAN,tanker,231.4,12.9,0
758180332,2026-08-26 06:30:00,27.23279,51.79685,9.2,152.6,156.0,MT CASPIAN,tanker,231.4,12.9,0
758180332,2026-08-26 06:40:00,27.20964,51.80886,9.2,156.5,155.0,MT CASPIAN,tanker,231.4,12.9,0
758180332,2026-08-26 06:50:00,27.18634,51.82095,9.0,155.0,149.0,MT CASPIAN,tanker,231.4,12.9,0
758180332,2026-08-26 07:00:00,27.16372,51.83269,9.0,155.9,154.0,MT CASPIAN,tanker,231.4,12.9,0
758180332,2026-08-26 07:10:00,27.14108,51.84444,9.5,153.3,154.0,MT CASPIAN,tanker,231.4,12.9,0
758180332,2026-08-26 07:20:00,27.11708,51.85688,9.2,156.2,157.0,MT CASPIAN,tanker,231.4,12.9,0
758180332,2026-08-26 07:30:00,27.09397,51.86886,9.4,156.8,154.0,MT CASPIAN,tanker,231.4,12.9,0
758180332,2026-08-26 07:40:00,27.07016,51.88121,9.6,154.2,152.0,MT CASPIAN,tanker,231.4,12.9,0
758180332,2026-08-26 07:50:00,27.0459,51.89378,9.5,153.7,157.0,MT CASPIAN,tanker,231.4,12.9,0
758180332,2026-08-26 08:00:00,27.02202,51.90616,9.3,156.3,155.0,MT CASPIAN,tanker,231.4,12.9,0
758180332,2026-08-26 08:10:00,26.99855,51.91832,9.3,155.7,153.0,MT CASPIAN,tanker,231.4,12.9,0
758180332,2026-08-26 08:20:00,26.9751,51.93046,9.1,155.7,155.0,MT CASPIAN,tanker,231.4,12.9,0
758180332,2026-08-26 08:30:00,26.95213,51.94236,9.2,155.1,160.0,MT CASPIAN,tanker,231.4,12.9,0
758180332,2026-08-26 08:40:00,26.92898,51.95434,9.2,154.7,150.0,MT CASPIAN,tanker,231.4,12.9,0
758180332,2026-08-26 08:50:00,26.90585,51.96632,9.3,155.9,158.0,MT CASPIAN,tanker,231.4,12.9,0
758180332,2026-08-26 09:00:00,26.88246,51.97842,9.3,156.2,157.0,MT CASPIAN,tanker,231.4,12.9,0
758180332,2026-08-26 09:10:00,26.85898,51.99057,9.6,156.2,160.0,MT CASPIAN,tanker,231.4,12.9,0
758180332,2026-08-26 09:20:00,26.83487,52.00304,9.2,153.9,157.0,MT CASPIAN,tanker,231.4,12.9,0
758180332,2026-08-26 09:30:00,26.81157,52.01509,9.5,156.8,159.0,MT CASPIAN,tanker,231.4,12.9,0
758180332,2026-08-26 09:40:00,26.78767,52.02745,9.8,155.8,156.0,MT CASPIAN,tanker,231.4,12.9,0
758180332,2026-08-26 09:50:00,26.76303,52.04019,8.9,155.5,154.0,MT CASPIAN,tanker,231.4,12.9,0
758180332,2026-08-26 10:00:00,26.74049,52.05184,9.3,155.3,157.0,MT CASPIAN,tanker,231.4,12.9,0
758180332,2026-08-26 10:10:00,26.71695,52.06401,9.3,156.2,147.0,MT CASPIAN,tanker,231.4,12.9,0
758180332,2026-08-26 10:20:00,26.6936,52.07607,9.3,156.4,161.0,MT CASPIAN,tanker,231.4,12.9,0
758180332,2026-08-26 10:30:00,26.67007,52.08823,9.5,156.9,156.0,MT CASPIAN,tanker,231.4,12.9,0
758180332,2026-08-26 10:40:00,26.6462,52.10056,9.3,155.8,155.0,MT CASPIAN,tanker,231.4,12.9,0
758180332,2026-08-26 10:50:00,26.62278,52.11265,9.1,154.7,152.0,MT CASPIAN,tanker,231.4,12.9,0
758180332,2026-08-26 11:00:00,26.59987,52.12448,9.4,155.2,154.0,MT CASPIAN,tanker,231.4,12.9,0
758180332,2026-08-26 11:10:00,26.57612,52.13673,9.1,155.7,158.0,MT CASPIAN,tanker,231.4,12.9,0
758180332,2026-08-26 11:20:00,26.55307,52.14863,9.0,153.9,158.0,MT CASPIAN,tanker,231.4,12.9,0
758180332,2026-08-26 11:30:00,26.53037,52.16034,8.9,155.8,160.0,MT CASPIAN,tanker,231.4,12.9,0
758180332,2026-08-26 11:40:00,26.50783,52.17197,9.7,156.0,157.0,MT CASPIAN,tanker,231.4,12.9,0
758180332,2026-08-26 11:50:00,26.48339,52.18457,9.9,152.9,154.0,MT CASPIAN,tanker,231.4,12.9,0
758180332,2026-08-26 12:00:00,26.45857,52.19737,9.5,154.9,159.0,MT CASPIAN,tanker,231.4,12.9,0
758180332,2026-08-26 12:10:00,26.43462,52.20972,9.3,155.4,154.0,MT CASPIAN,tanker,231.4,12.9,0
758180332,2026-08-26 12:20:00,26.41123,52.22177,9.2,154.7,156.0,MT CASPIAN,tanker,231.4,12.9,0
758180332,2026-08-26 12:30:00,26.38815,52.23366,9.1,156.2,157.0,MT CASPIAN,tanker,231.4,12.9,0
758180332,2026-08-26 12:40:00,26.36523,52.24547,9.6,154.1,150.0,MT CASPIAN,tanker,231.4,12.9,0
758180332,2026-08-26 12:50:00,26.34113,52.25789,9.3,158.1,159.0,MT CASPIAN,tanker,231.4,12.9,0
758180332,2026-08-26 13:00:00,26.31772,52.26994,9.1,155.6,157.0,MT CASPIAN,tanker,231.4,12.9,0
758180332,2026-08-26 13:10:00,26.29466,52.28182,8.9,156.6,155.0,MT CASPIAN,tanker,231.4,12.9,0
758180332,2026-08-26 13:20:00,26.27211,52.29342,9.3,155.2,159.0,MT CASPIAN,tanker,231.4,12.9,0
758180332,2026-08-26 13:30:00,26.24875,52.30544,9.1,153.5,156.0,MT CASPIAN,tanker,231.4,12.9,0
758180332,2026-08-26 13:40:00,26.22582,52.31725,8.8,154.9,159.0,MT CASPIAN,tanker,231.4,12.9,0
758180332,2026-08-26 13:50:00,26.2037,52.32863,9.4,156.3,157.0,MT CASPIAN,tanker,231.4,12.9,0
758180332,2026-08-26 14:00:00,26.17992,52.34086,9.9,154.6,156.0,MT CASPIAN,tanker,231.4,12.9,0
758180332,2026-08-26 14:10:00,26.15499,52.35368,9.2,156.2,155.0,MT CASPIAN,tanker,231.4,12.9,0
758180332,2026-08-26 14:20:00,26.13186,52.36557,9.7,154.7,159.0,MT CASPIAN,tanker,231.4,12.9,0
758180332,2026-08-26 14:30:00,26.10736,52.37816,9.4,155.2,157.0,MT CASPIAN,tanker,231.4,12.9,0
758180332,2026-08-26 14:40:00,26.13115,52.36594,9.4,335.6,335.0,MT CASPIAN,tanker,231.4,12.9,0
758180332,2026-08-26 14:50:00,26.15472,52.35381,9.1,334.9,330.0,MT CASPIAN,tanker,231.4,12.9,0
758180332,2026-08-26 15:00:00,26.17769,52.342,9.5,334.0,335.0,MT CASPIAN,tanker,231.4,12.9,0
758180332,2026-08-26 15:10:00,26.20163,52.32968,9.5,336.1,330.0,MT CASPIAN,tanker,231.4,12.9,0
758180332,2026-08-26 15:20:00,26.22545,52.31742,9.3,335.7,335.0,MT CASPIAN,tanker,231.4,12.9,0
758180332,2026-08-26 15:30:00,26.2488,52.3054,9.6,334.4,329.0,MT CASPIAN,tanker,231.4,12.9,0
758180332,2026-08-26 15:40:00,26.27306,52.29292,9.5,334.7,330.0,MT CASPIAN,tanker,231.4,12.9,0
758180332,2026-08-26 15:50:00,26.29698,52.2806,9.2,336.5,331.0,MT CASPIAN,tanker,231.4,12.9,0
758180332,2026-08-26 16:00:00,26.32029,52.26859,9.9,334.4,335.0,MT CASPIAN,tanker,231.4,12.9,0
758180332,2026-08-26 16:10:00,26.34517,52.25578,9.0,335.3,335.0,MT CASPIAN,tanker,231.4,12.9,0
758180332,2026-08-26 16:20:00,26.36781,52.24411,8.9,338.0,334.0,MT CASPIAN,tanker,231.4,12.9,0
758180332,2026-08-26 16:30:00,26.39028,52.23253,9.2,336.2,341.0,MT CASPIAN,tanker,231.4,12.9,0
758180332,2026-08-26 16:40:00,26.41338,52.22063,9.6,334.0,336.0,MT CASPIAN,tanker,231.4,12.9,0
758180332,2026-08-26 16:50:00,26.4375,52.20819,8.8,336.1,330.0,MT CASPIAN,tanker,231.4,12.9,0
758180332,2026-08-26 17:00:00,26.45972,52.19673,9.1,335.2,337.0,MT CASPIAN,tanker,231.4,12.9,0
758180332,2026-08-26 17:10:00,26.48263,52.18492,9.2,336.7,337.0,MT CASPIAN,tanker,231.4,12.9,0
758180332,2026-08-26 17:20:00,26.50587,52.17293,9.4,334.0,340.0,MT CASPIAN,tanker,231.4,12.9,0
758180332,2026-08-26 17:30:00,26.52969,52.16064,9.1,337.0,341.0,MT CASPIAN,tanker,231.4,12.9,0
758180332,2026-08-26 17:40:00,26.55259,52.14882,9.4,336.3,326.0,MT CASPIAN,tanker,231.4,12.9,0
758180332,2026-08-26 17:50:00,26.57632,52.13657,9.2,336.3,338.0,MT CASPIAN,tanker,231.4,12.9,0
758180332,2026-08-26 18:00:00,26.59961,52.12455,9.0,334.9,328.0,MT CASPIAN,tanker,231.4,12.9,0
758180332,2026-08-26 18:10:00,26.62225,52.11286,9.4,333.3,339.0,MT CASPIAN,tanker,231.4,12.9,0
758180332,2026-08-26 18:20:00,26.64592,52.10063,9.6,334.7,337.0,MT CASPIAN,tanker,231.4,12.9,0
758180332,2026-08-26 18:30:00,26.67008,52.08815,9.2,335.5,332.0,MT CASPIAN,tanker,231.4,12.9,0
758180332,2026-08-26 18:40:00,26.69335,52.07613,9.4,333.6,330.0,MT CASPIAN,tanker,231.4,12.9,0
758180332,2026-08-26 18:50:00,26.71715,52.06383,9.3,335.0,336.0,MT CASPIAN,tanker,231.4,12.9,0
758180332,2026-08-26 19:00:00,26.74048,52.05176,9.1,337.1,336.0,MT CASPIAN,tanker,231.4,12.9,0
758180332,2026-08-26 19:10:00,26.76348,52.03987,9.3,335.4,338.0,MT CASPIAN,tanker,231.4,12.9,0
758180332,2026-08-26 19:20:00,26.78704,52.02769,9.4,335.7,337.0,MT CASPIAN,tanker,231.4,12.9,0
758180332,2026-08-26 19:30:00,26.81081,52.0154,8.8,333.4,335.0,MT CASPIAN,tanker,231.4,12.9,0
758180332,2026-08-26 19:40:00,26.83307,52.00388,9.2,335.8,335.0,MT CASPIAN,tanker,231.4,12.9,0
758180332,2026-08-26 19:50:00,26.85636,51.99183,9.4,334.0,335.0,MT CASPIAN,tanker,231.4,12.9,0
758180332,2026-08-26 20:00:00,26.88013,51.97953,9.0,335.6,330.0,MT CASPIAN,tanker,231.4,12.9,0
758180332,2026-08-26 20:10:00,26.9027,51.96784,9.4,333.8,334.0,MT CASPIAN,tanker,231.4,12.9,0
758180332,2026-08-26 20:20:00,26.92633,51.95561,9.5,335.4,330.0,MT CASPIAN,tanker,231.4,12.9,0
758180332,2026-08-26 20:30:00,26.9503,51.9432,9.1,333.7,330.0,MT CASPIAN,tanker,231.4,12.9,0
758180332,2026-08-26 20:40:00,26.97329,51.93129,9.3,335.8,337.0,MT CASPIAN,tanker,231.4,12.9,0
758180332,2026-08-26 20:50:00,26.99677,51.91912,9.4,335.2,334.0,MT CASPIAN,tanker,231.4,12.9,0
758180332,2026-08-26 21:00:00,27.02056,51.9068,9.0,334.8,331.0,MT CASPIAN,tanker,231.4,12.9,0
758180332,2026-08-26 21:10:00,27.04329,51.89501,9.1,335.3,335.0,MT CASPIAN,tanker,231.4,12.9,0
758180332,2026-08-26 21:20:00,27.06617,51.88315,10.1,333.9,335.0,MT CASPIAN,tanker,231.4,12.9,0
758180332,2026-08-26 21:30:00,27.09151,51.87001,8.9,334.8,334.0,MT CASPIAN,tanker,231.4,12.9,0
758180332,2026-08-26 21:40:00,27.11403,51.85834,9.5,334.8,335.0,MT CASPIAN,tanker,231.4,12.9,0
758180332,2026-08-26 21:50:00,27.13797,51.84592,9.2,333.8,333.0,MT CASPIAN,tanker,231.4,12.9,0
758180332,2026-08-26 22:00:00,27.16111,51.83391,9.2,335.3,337.0,MT CASPIAN,tanker,231.4,12.9,0
758180332,2026-08-26 22:10:00,27.18428,51.82189,9.2,335.0,330.0,MT CASPIAN,tanker,231.4,12.9,0
758180332,2026-08-26 22:20:00,27.20754,51.80981,9.4,334.5,337.0,MT CASPIAN,tanker,231.4,12.9,0
758180332,2026-08-26 22:30:00,27.23129,51.79748,9.6,335.0,332.0,MT CASPIAN,tanker,231.4,12.9,0
758180332,2026-08-26 22:40:00,27.25553,51.7849,9.3,335.6,334.0,MT CASPIAN,tanker,231.4,12.9,0
758180332,2026-08-26 22:50:00,27.27892,51.77274,9.1,335.8,337.0,MT CASPIAN,tanker,231.4,12.9,0
758180332,2026-08-26 23:00:00,27.25587,51.78472,9.2,153.6,157.0,MT CASPIAN,tanker,231.4,12.9,0
758180332,2026-08-26 23:10:00,27.23268,51.79676,9.1,155.4,156.0,MT CASPIAN,tanker,231.4,12.9,0
758180332,2026-08-26 23:20:00,27.20975,51.80866,8.8,155.3,157.0,MT CASPIAN,tanker,231.4,12.9,0
758180332,2026-08-26 23:30:00,27.18753,51.82019,9.4,155.3,149.0,MT CASPIAN,tanker,231.4,12.9,0
758180332,2026-08-26 23:40:00,27.16372,51.83254,9.6,155.6,152.0,MT CASPIAN,tanker,231.4,12.9,0
758180332,2026-08-26 23:50:00,27.1395,51.8451,9.1,155.5,157.0,MT CASPIAN,tanker,231.4,12.9,0
758180332,2026-08-27 00:00:00,27.11659,51.85699,9.2,156.0,150.0,MT CASPIAN,tanker,231.4,12.9,0
